uniqueID,danceability,energy,key,loudness,mode,speechiness,acousticness,instrumentalness,liveness,valence,tempo,type,id,uri,track_href,analysis_url,duration_ms,time_signature,track_name,album_name,release_date,album_id,audio_path
0,0.28,0.478,9,-8.755,0,0.037,0.674,5.85e-05,0.483,0.0807,111.65,audio_features,71h3L4e8j3bwMpjfjteAYE,spotify:track:71h3L4e8j3bwMpjfjteAYE,https://api.spotify.com/v1/tracks/71h3L4e8j3bwMpjfjteAYE,https://api.spotify.com/v1/audio-analysis/71h3L4e8j3bwMpjfjteAYE,96240,4,Dawn FM,Dawn FM (Alternate World),7/01/2022,2JPcP8HUk2vm7Q8eDJlj0a,/Users/lulucadaawe/Desktop/after-hours-emotional-arc/ml/../data/audio_previews_full/dawn_fm.m4a
1,0.728,0.741,6,-7.075,0,0.0473,0.000582,0.00206,0.33,0.31,123.006,audio_features,13WW1ZalDNFmKt4R8XhsGi,spotify:track:13WW1ZalDNFmKt4R8XhsGi,https://api.spotify.com/v1/tracks/13WW1ZalDNFmKt4R8XhsGi,https://api.spotify.com/v1/audio-analysis/13WW1ZalDNFmKt4R8XhsGi,212166,4,Gasoline,Dawn FM (Alternate World),7/01/2022,2JPcP8HUk2vm7Q8eDJlj0a,/Users/lulucadaawe/Desktop/after-hours-emotional-arc/ml/../data/audio_previews_full/gasoline.m4a
2,0.805,0.498,7,-7.927,0,0.0737,0.0203,2.37e-05,0.085,0.636,121.006,audio_features,7uGX8wm0pIenP3XVEhOYQ0,spotify:track:7uGX8wm0pIenP3XVEhOYQ0,https://api.spotify.com/v1/tracks/7uGX8wm0pIenP3XVEhOYQ0,https://api.spotify.com/v1/audio-analysis/7uGX8wm0pIenP3XVEhOYQ0,214215,4,How Do I Make You Love Me?,Dawn FM (Alternate World),7/01/2022,2JPcP8HUk2vm7Q8eDJlj0a,/Users/lulucadaawe/Desktop/after-hours-emotional-arc/ml/../data/audio_previews_full/how_do_i_make_you_love_me?.m4a
3,0.698,0.769,8,-7.154,1,0.0368,0.0128,0.00166,0.238,0.354,121.02,audio_features,1dyMD7bkPNIrwbHXjdLAls,spotify:track:1dyMD7bkPNIrwbHXjdLAls,https://api.spotify.com/v1/tracks/1dyMD7bkPNIrwbHXjdLAls,https://api.spotify.com/v1/audio-analysis/1dyMD7bkPNIrwbHXjdLAls,339023,4,Take My Breath,Dawn FM (Alternate World),7/01/2022,2JPcP8HUk2vm7Q8eDJlj0a,/Users/lulucadaawe/Desktop/after-hours-emotional-arc/ml/../data/audio_previews_full/take_my_breath.m4a
4,0.735,0.795,11,-6.523,0,0.113,0.0296,3.18e-05,0.0678,0.905,122.0,audio_features,3r7OYSMC4p5YTyjCplXOaQ,spotify:track:3r7OYSMC4p5YTyjCplXOaQ,https://api.spotify.com/v1/tracks/3r7OYSMC4p5YTyjCplXOaQ,https://api.spotify.com/v1/audio-analysis/3r7OYSMC4p5YTyjCplXOaQ,188918,4,Sacrifice,Dawn FM (Alternate World),7/01/2022,2JPcP8HUk2vm7Q8eDJlj0a,/Users/lulucadaawe/Desktop/after-hours-emotional-arc/ml/../data/audio_previews_full/sacrifice.m4a
5,0.447,0.512,5,-8.67,0,0.128,0.679,2.98e-05,0.096,0.571,67.291,audio_features,3nQv9GfSPsgndLnAQ5uNmy,spotify:track:3nQv9GfSPsgndLnAQ5uNmy,https://api.spotify.com/v1/tracks/3nQv9GfSPsgndLnAQ5uNmy,https://api.spotify.com/v1/audio-analysis/3nQv9GfSPsgndLnAQ5uNmy,96214,3,A Tale By Quincy,Dawn FM (Alternate World),7/01/2022,2JPcP8HUk2vm7Q8eDJlj0a,/Users/lulucadaawe/Desktop/after-hours-emotional-arc/ml/../data/audio_previews_full/a_tale_by_quincy.m4a
6,0.617,0.762,0,-4.467,0,0.0469,0.232,0.0,0.291,0.823,92.971,audio_features,5pzEL5TSvnT36z8fnMuyJL,spotify:track:5pzEL5TSvnT36z8fnMuyJL,https://api.spotify.com/v1/tracks/5pzEL5TSvnT36z8fnMuyJL,https://api.spotify.com/v1/audio-analysis/5pzEL5TSvnT36z8fnMuyJL,214191,4,Out of Time,Dawn FM (Alternate World),7/01/2022,2JPcP8HUk2vm7Q8eDJlj0a,/Users/lulucadaawe/Desktop/after-hours-emotional-arc/ml/../data/audio_previews_full/out_of_time.m4a
7,0.469,0.623,1,-4.432,1,0.0302,0.345,0.0,0.588,0.198,134.943,audio_features,3WTrHzV21MrJxepM6rNeIA,spotify:track:3WTrHzV21MrJxepM6rNeIA,https://api.spotify.com/v1/tracks/3WTrHzV21MrJxepM6rNeIA,https://api.spotify.com/v1/audio-analysis/3WTrHzV21MrJxepM6rNeIA,209778,4,"Here We Go… Again (feat. Tyler, the Creator)",Dawn FM (Alternate World),7/01/2022,2JPcP8HUk2vm7Q8eDJlj0a,"/Users/lulucadaawe/Desktop/after-hours-emotional-arc/ml/../data/audio_previews_full/here_we_go…_again_(feat._tyler,_the_creator).m4a"
8,0.737,0.564,4,-7.045,0,0.105,0.436,0.0,0.351,0.528,90.0,audio_features,78kBfiOIowbBQ96iQGQCl8,spotify:track:78kBfiOIowbBQ96iQGQCl8,https://api.spotify.com/v1/tracks/78kBfiOIowbBQ96iQGQCl8,https://api.spotify.com/v1/audio-analysis/78kBfiOIowbBQ96iQGQCl8,163504,4,Best Friends,Dawn FM (Alternate World),7/01/2022,2JPcP8HUk2vm7Q8eDJlj0a,/Users/lulucadaawe/Desktop/after-hours-emotional-arc/ml/../data/audio_previews_full/best_friends.m4a
9,0.702,0.586,9,-7.83,0,0.0313,0.0388,7.27e-05,0.156,0.608,134.951,audio_features,5rXdRfS0EPQ5zleZ34Rs8k,spotify:track:5rXdRfS0EPQ5zleZ34Rs8k,https://api.spotify.com/v1/tracks/5rXdRfS0EPQ5zleZ34Rs8k,https://api.spotify.com/v1/audio-analysis/5rXdRfS0EPQ5zleZ34Rs8k,199111,4,Is There Someone Else?,Dawn FM (Alternate World),7/01/2022,2JPcP8HUk2vm7Q8eDJlj0a,/Users/lulucadaawe/Desktop/after-hours-emotional-arc/ml/../data/audio_previews_full/is_there_someone_else?.m4a
10,0.309,0.418,9,-8.622,0,0.031,0.465,7.58e-05,0.295,0.146,134.23,audio_features,2EAdtcUXbHANMnL2isrTvD,spotify:track:2EAdtcUXbHANMnL2isrTvD,https://api.spotify.com/v1/tracks/2EAdtcUXbHANMnL2isrTvD,https://api.spotify.com/v1/audio-analysis/2EAdtcUXbHANMnL2isrTvD,148000,4,Starry Eyes,Dawn FM (Alternate World),7/01/2022,2JPcP8HUk2vm7Q8eDJlj0a,/Users/lulucadaawe/Desktop/after-hours-emotional-arc/ml/../data/audio_previews_full/starry_eyes.m4a
11,0.447,0.959,0,-5.59,1,0.348,0.109,2.75e-05,0.0498,0.46,118.167,audio_features,65ujNJp722zl8uEdYGAZrQ,spotify:track:65ujNJp722zl8uEdYGAZrQ,https://api.spotify.com/v1/tracks/65ujNJp722zl8uEdYGAZrQ,https://api.spotify.com/v1/audio-analysis/65ujNJp722zl8uEdYGAZrQ,167256,4,Every Angel is Terrifying,Dawn FM (Alternate World),7/01/2022,2JPcP8HUk2vm7Q8eDJlj0a,/Users/lulucadaawe/Desktop/after-hours-emotional-arc/ml/../data/audio_previews_full/every_angel_is_terrifying.m4a
12,0.767,0.618,10,-7.163,1,0.032,0.31,0.0,0.179,0.243,121.959,audio_features,3LAJkm4BFdM6Qx5vhmLxsN,spotify:track:3LAJkm4BFdM6Qx5vhmLxsN,https://api.spotify.com/v1/tracks/3LAJkm4BFdM6Qx5vhmLxsN,https://api.spotify.com/v1/audio-analysis/3LAJkm4BFdM6Qx5vhmLxsN,205469,4,Don’t Break My Heart,Dawn FM (Alternate World),7/01/2022,2JPcP8HUk2vm7Q8eDJlj0a,/Users/lulucadaawe/Desktop/after-hours-emotional-arc/ml/../data/audio_previews_full/don’t_break_my_heart.m4a
13,0.736,0.848,9,-5.494,0,0.171,0.103,0.0,0.299,0.784,109.946,audio_features,7DSMkUbG7RfbHIqNi9nmVh,spotify:track:7DSMkUbG7RfbHIqNi9nmVh,https://api.spotify.com/v1/tracks/7DSMkUbG7RfbHIqNi9nmVh,https://api.spotify.com/v1/audio-analysis/7DSMkUbG7RfbHIqNi9nmVh,263642,4,I Heard You’re Married (feat. Lil Wayne),Dawn FM (Alternate World),7/01/2022,2JPcP8HUk2vm7Q8eDJlj0a,/Users/lulucadaawe/Desktop/after-hours-emotional-arc/ml/../data/audio_previews_full/i_heard_you’re_married_(feat._lil_wayne).m4a
14,0.535,0.791,0,-5.55,1,0.0327,0.00096,0.000155,0.0788,0.5,142.981,audio_features,262jRlviTjqcM2dzMxPxOy,spotify:track:262jRlviTjqcM2dzMxPxOy,https://api.spotify.com/v1/tracks/262jRlviTjqcM2dzMxPxOy,https://api.spotify.com/v1/audio-analysis/262jRlviTjqcM2dzMxPxOy,211814,4,Less Than Zero,Dawn FM (Alternate World),7/01/2022,2JPcP8HUk2vm7Q8eDJlj0a,/Users/lulucadaawe/Desktop/after-hours-emotional-arc/ml/../data/audio_previews_full/less_than_zero.m4a
15,0.394,0.519,9,-11.042,0,0.0465,0.75,0.195,0.129,0.241,110.113,audio_features,4nSzpc6A8koEEJBTE33cdK,spotify:track:4nSzpc6A8koEEJBTE33cdK,https://api.spotify.com/v1/tracks/4nSzpc6A8koEEJBTE33cdK,https://api.spotify.com/v1/audio-analysis/4nSzpc6A8koEEJBTE33cdK,179580,4,Phantom Regret by Jim,Dawn FM (Alternate World),7/01/2022,2JPcP8HUk2vm7Q8eDJlj0a,/Users/lulucadaawe/Desktop/after-hours-emotional-arc/ml/../data/audio_previews_full/phantom_regret_by_jim.m4a
16,0.649,0.835,10,-8.611,0,0.0464,0.0402,0.575,0.112,0.457,124.999,audio_features,2OAfIt4rf4GFIceIUB8U6L,spotify:track:2OAfIt4rf4GFIceIUB8U6L,https://api.spotify.com/v1/tracks/2OAfIt4rf4GFIceIUB8U6L,https://api.spotify.com/v1/audio-analysis/2OAfIt4rf4GFIceIUB8U6L,368661,4,Take My Breath (Remix) (feat. Agents of Time),Dawn FM (Alternate World),7/01/2022,2JPcP8HUk2vm7Q8eDJlj0a,/Users/lulucadaawe/Desktop/after-hours-emotional-arc/ml/../data/audio_previews_full/take_my_breath_(remix)_(feat._agents_of_time).m4a
17,0.774,0.742,6,-7.391,0,0.0784,0.0312,5.03e-05,0.0907,0.677,122.028,audio_features,7aAsStiuC4Zw8vIbvRWtq7,spotify:track:7aAsStiuC4Zw8vIbvRWtq7,https://api.spotify.com/v1/tracks/7aAsStiuC4Zw8vIbvRWtq7,https://api.spotify.com/v1/audio-analysis/7aAsStiuC4Zw8vIbvRWtq7,238033,4,Sacrifice (Remix) (feat. Swedish House Mafia),Dawn FM (Alternate World),7/01/2022,2JPcP8HUk2vm7Q8eDJlj0a,/Users/lulucadaawe/Desktop/after-hours-emotional-arc/ml/../data/audio_previews_full/sacrifice_(remix)_(feat._swedish_house_mafia).m4a
18,0.542,0.659,8,-7.289,1,0.0389,0.00279,0.0,0.105,0.109,120.122,audio_features,3PHx91cSFc4vNVP7TpICVt,spotify:track:3PHx91cSFc4vNVP7TpICVt,https://api.spotify.com/v1/tracks/3PHx91cSFc4vNVP7TpICVt,https://api.spotify.com/v1/audio-analysis/3PHx91cSFc4vNVP7TpICVt,234000,4,Moth To A Flame (with The Weeknd),Dawn FM (Alternate World),7/01/2022,2JPcP8HUk2vm7Q8eDJlj0a,/Users/lulucadaawe/Desktop/after-hours-emotional-arc/ml/../data/audio_previews_full/moth_to_a_flame_(with_the_weeknd).m4a
19,0.255,0.653,6,-7.972,0,0.0551,0.0337,0.107,0.168,0.058,90.673,audio_features,3KQ1KVG2F8qAospksegrmZ,spotify:track:3KQ1KVG2F8qAospksegrmZ,https://api.spotify.com/v1/tracks/3KQ1KVG2F8qAospksegrmZ,https://api.spotify.com/v1/audio-analysis/3KQ1KVG2F8qAospksegrmZ,250057,5,Alone Again,After Hours (Deluxe),3/04/2020,6YlDIxqEjvY63ffH6AwCjd,/Users/lulucadaawe/Desktop/after-hours-emotional-arc/ml/../data/audio_previews_full/alone_again.m4a
20,0.64,0.869,4,-5.179,0,0.124,0.0514,0.000121,0.691,0.185,119.949,audio_features,0zzc5kYkzTmWmwrn3CTk5v,spotify:track:0zzc5kYkzTmWmwrn3CTk5v,https://api.spotify.com/v1/tracks/0zzc5kYkzTmWmwrn3CTk5v,https://api.spotify.com/v1/audio-analysis/0zzc5kYkzTmWmwrn3CTk5v,239980,4,Too Late,After Hours (Deluxe),3/04/2020,6YlDIxqEjvY63ffH6AwCjd,/Users/lulucadaawe/Desktop/after-hours-emotional-arc/ml/../data/audio_previews_full/too_late.m4a
21,0.466,0.609,10,-7.874,1,0.065,0.0911,9.32e-05,0.122,0.103,81.186,audio_features,6t5zloC7h0EQllwYph9brV,spotify:track:6t5zloC7h0EQllwYph9brV,https://api.spotify.com/v1/tracks/6t5zloC7h0EQllwYph9brV,https://api.spotify.com/v1/audio-analysis/6t5zloC7h0EQllwYph9brV,211402,4,Hardest To Love,After Hours (Deluxe),3/04/2020,6YlDIxqEjvY63ffH6AwCjd,/Users/lulucadaawe/Desktop/after-hours-emotional-arc/ml/../data/audio_previews_full/hardest_to_love.m4a
22,0.481,0.493,0,-8.311,1,0.051,0.123,0.0,0.0995,0.211,87.493,audio_features,10HsXXmKdge6ugPcTolceY,spotify:track:10HsXXmKdge6ugPcTolceY,https://api.spotify.com/v1/tracks/10HsXXmKdge6ugPcTolceY,https://api.spotify.com/v1/audio-analysis/10HsXXmKdge6ugPcTolceY,191299,4,Scared To Live,After Hours (Deluxe),3/04/2020,6YlDIxqEjvY63ffH6AwCjd,/Users/lulucadaawe/Desktop/after-hours-emotional-arc/ml/../data/audio_previews_full/scared_to_live.m4a
23,0.676,0.61,0,-7.558,1,0.114,0.166,6.47e-05,0.122,0.24,148.118,audio_features,1hzVfz7XfL6rnRAk3LGgC2,spotify:track:1hzVfz7XfL6rnRAk3LGgC2,https://api.spotify.com/v1/tracks/1hzVfz7XfL6rnRAk3LGgC2,https://api.spotify.com/v1/audio-analysis/1hzVfz7XfL6rnRAk3LGgC2,247192,4,Snowchild,After Hours (Deluxe),3/04/2020,6YlDIxqEjvY63ffH6AwCjd,/Users/lulucadaawe/Desktop/after-hours-emotional-arc/ml/../data/audio_previews_full/snowchild.m4a
24,0.421,0.548,5,-9.006,0,0.0568,0.0476,0.00269,0.187,0.169,146.099,audio_features,5aFoXADqE288FAlbXYmcy6,spotify:track:5aFoXADqE288FAlbXYmcy6,https://api.spotify.com/v1/tracks/5aFoXADqE288FAlbXYmcy6,https://api.spotify.com/v1/audio-analysis/5aFoXADqE288FAlbXYmcy6,355960,4,Escape From LA,After Hours (Deluxe),3/04/2020,6YlDIxqEjvY63ffH6AwCjd,/Users/lulucadaawe/Desktop/after-hours-emotional-arc/ml/../data/audio_previews_full/escape_from_la.m4a
25,0.537,0.752,10,-5.488,0,0.132,0.0187,1.36e-06,0.145,0.234,169.97,audio_features,28dQlavHTyrEkmI7w7Nivp,spotify:track:28dQlavHTyrEkmI7w7Nivp,https://api.spotify.com/v1/tracks/28dQlavHTyrEkmI7w7Nivp,https://api.spotify.com/v1/audio-analysis/28dQlavHTyrEkmI7w7Nivp,198267,4,Heartless,After Hours (Deluxe),3/04/2020,6YlDIxqEjvY63ffH6AwCjd,/Users/lulucadaawe/Desktop/after-hours-emotional-arc/ml/../data/audio_previews_full/heartless.m4a
26,0.355,0.605,0,-7.34,0,0.0774,0.614,0.0483,0.146,0.123,175.472,audio_features,2QIbiBkgr2pepvCkmWi3Vn,spotify:track:2QIbiBkgr2pepvCkmWi3Vn,https://api.spotify.com/v1/tracks/2QIbiBkgr2pepvCkmWi3Vn,https://api.spotify.com/v1/audio-analysis/2QIbiBkgr2pepvCkmWi3Vn,283217,4,Faith,After Hours (Deluxe),3/04/2020,6YlDIxqEjvY63ffH6AwCjd,/Users/lulucadaawe/Desktop/after-hours-emotional-arc/ml/../data/audio_previews_full/faith.m4a
27,0.518,0.727,1,-5.947,1,0.0557,0.00153,0.000152,0.0882,0.342,170.962,audio_features,5Sg09MvHqNWPWsYeuY2toY,spotify:track:5Sg09MvHqNWPWsYeuY2toY,https://api.spotify.com/v1/tracks/5Sg09MvHqNWPWsYeuY2toY,https://api.spotify.com/v1/audio-analysis/5Sg09MvHqNWPWsYeuY2toY,200046,4,Blinding Lights,After Hours (Deluxe),3/04/2020,6YlDIxqEjvY63ffH6AwCjd,/Users/lulucadaawe/Desktop/after-hours-emotional-arc/ml/../data/audio_previews_full/blinding_lights.m4a
28,0.667,0.72,7,-5.349,0,0.0331,0.00255,7.89e-05,0.0753,0.705,100.021,audio_features,3XnkZylcAZ86QAiGVnRVy8,spotify:track:3XnkZylcAZ86QAiGVnRVy8,https://api.spotify.com/v1/tracks/3XnkZylcAZ86QAiGVnRVy8,https://api.spotify.com/v1/audio-analysis/3XnkZylcAZ86QAiGVnRVy8,237522,4,In Your Eyes,After Hours (Deluxe),3/04/2020,6YlDIxqEjvY63ffH6AwCjd,/Users/lulucadaawe/Desktop/after-hours-emotional-arc/ml/../data/audio_previews_full/in_your_eyes.m4a
29,0.684,0.817,0,-5.499,1,0.0308,0.0222,2.19e-05,0.439,0.623,118.061,audio_features,2ExKb6Ag2WXob6FpkSeXhE,spotify:track:2ExKb6Ag2WXob6FpkSeXhE,https://api.spotify.com/v1/tracks/2ExKb6Ag2WXob6FpkSeXhE,https://api.spotify.com/v1/audio-analysis/2ExKb6Ag2WXob6FpkSeXhE,215627,4,Save Your Tears,After Hours (Deluxe),3/04/2020,6YlDIxqEjvY63ffH6AwCjd,/Users/lulucadaawe/Desktop/after-hours-emotional-arc/ml/../data/audio_previews_full/save_your_tears.m4a
30,0.555,0.607,0,-7.907,1,0.0301,0.0313,0.00018,0.101,0.145,94.945,audio_features,22mFHi2NBoZbj9oOoMJgcG,spotify:track:22mFHi2NBoZbj9oOoMJgcG,https://api.spotify.com/v1/tracks/22mFHi2NBoZbj9oOoMJgcG,https://api.spotify.com/v1/audio-analysis/22mFHi2NBoZbj9oOoMJgcG,195815,4,Repeat After Me (Interlude),After Hours (Deluxe),3/04/2020,6YlDIxqEjvY63ffH6AwCjd,/Users/lulucadaawe/Desktop/after-hours-emotional-arc/ml/../data/audio_previews_full/repeat_after_me_(interlude).m4a
31,0.659,0.572,5,-6.103,0,0.0304,0.0784,0.00772,0.123,0.14,108.968,audio_features,31bmr5SE0qrrIPhjGbnwKP,spotify:track:31bmr5SE0qrrIPhjGbnwKP,https://api.spotify.com/v1/tracks/31bmr5SE0qrrIPhjGbnwKP,https://api.spotify.com/v1/audio-analysis/31bmr5SE0qrrIPhjGbnwKP,361025,4,After Hours,After Hours (Deluxe),3/04/2020,6YlDIxqEjvY63ffH6AwCjd,/Users/lulucadaawe/Desktop/after-hours-emotional-arc/ml/../data/audio_previews_full/after_hours.m4a
32,0.249,0.37,0,-9.975,0,0.0357,0.444,4.44e-05,0.0911,0.178,125.209,audio_features,6D3XrPrsF6IUzWiEILNLkq,spotify:track:6D3XrPrsF6IUzWiEILNLkq,https://api.spotify.com/v1/tracks/6D3XrPrsF6IUzWiEILNLkq,https://api.spotify.com/v1/audio-analysis/6D3XrPrsF6IUzWiEILNLkq,192364,3,Until I Bleed Out,After Hours (Deluxe),3/04/2020,6YlDIxqEjvY63ffH6AwCjd,/Users/lulucadaawe/Desktop/after-hours-emotional-arc/ml/../data/audio_previews_full/until_i_bleed_out.m4a
33,0.532,0.577,1,-9.313,1,0.0352,0.00253,0.0437,0.234,0.0397,131.922,audio_features,5ciyqWW5YuGqF4Avu7uwry,spotify:track:5ciyqWW5YuGqF4Avu7uwry,https://api.spotify.com/v1/tracks/5ciyqWW5YuGqF4Avu7uwry,https://api.spotify.com/v1/audio-analysis/5ciyqWW5YuGqF4Avu7uwry,222307,4,Nothing Compares - Bonus Track,After Hours (Deluxe),3/04/2020,6YlDIxqEjvY63ffH6AwCjd,/Users/lulucadaawe/Desktop/after-hours-emotional-arc/ml/../data/audio_previews_full/nothing_compares_-_bonus_track.m4a
34,0.689,0.374,5,-10.038,0,0.0851,0.115,0.000132,0.111,0.321,151.98,audio_features,38uNCW1do0LKfMIt4MDkPo,spotify:track:38uNCW1do0LKfMIt4MDkPo,https://api.spotify.com/v1/tracks/38uNCW1do0LKfMIt4MDkPo,https://api.spotify.com/v1/audio-analysis/38uNCW1do0LKfMIt4MDkPo,144540,4,Missed You - Bonus Track,After Hours (Deluxe),3/04/2020,6YlDIxqEjvY63ffH6AwCjd,/Users/lulucadaawe/Desktop/after-hours-emotional-arc/ml/../data/audio_previews_full/missed_you_-_bonus_track.m4a
35,0.604,0.26,11,-10.498,1,0.0373,0.841,9.33e-05,0.327,0.318,100.901,audio_features,6rhbL6MhAej39S8KupwjrC,spotify:track:6rhbL6MhAej39S8KupwjrC,https://api.spotify.com/v1/tracks/6rhbL6MhAej39S8KupwjrC,https://api.spotify.com/v1/audio-analysis/6rhbL6MhAej39S8KupwjrC,185689,3,Final Lullaby - Bonus Track,After Hours (Deluxe),3/04/2020,6YlDIxqEjvY63ffH6AwCjd,/Users/lulucadaawe/Desktop/after-hours-emotional-arc/ml/../data/audio_previews_full/final_lullaby_-_bonus_track.m4a
36,0.461,0.593,1,-4.954,1,0.0356,0.17,0.0,0.307,0.175,134.17,audio_features,09mEdoA6zrmBPgTEN5qXmN,spotify:track:09mEdoA6zrmBPgTEN5qXmN,https://api.spotify.com/v1/tracks/09mEdoA6zrmBPgTEN5qXmN,https://api.spotify.com/v1/audio-analysis/09mEdoA6zrmBPgTEN5qXmN,228373,3,Call Out My Name,"My Dear Melancholy,",30/03/2018,4qZBW3f2Q8y0k1A84d4iAO,/Users/lulucadaawe/Desktop/after-hours-emotional-arc/ml/../data/audio_previews_full/call_out_my_name.m4a
37,0.456,0.679,8,-5.778,0,0.064,0.596,0.000573,0.129,0.107,92.026,audio_features,4ppTAJUbNXELZcoUaL90wo,spotify:track:4ppTAJUbNXELZcoUaL90wo,https://api.spotify.com/v1/tracks/4ppTAJUbNXELZcoUaL90wo,https://api.spotify.com/v1/audio-analysis/4ppTAJUbNXELZcoUaL90wo,221107,4,Try Me,"My Dear Melancholy,",30/03/2018,4qZBW3f2Q8y0k1A84d4iAO,/Users/lulucadaawe/Desktop/after-hours-emotional-arc/ml/../data/audio_previews_full/try_me.m4a
38,0.56,0.678,10,-6.167,0,0.0581,0.61,1.42e-05,0.111,0.29,122.585,audio_features,7DKS0rX27cCEPsK0R6tFWS,spotify:track:7DKS0rX27cCEPsK0R6tFWS,https://api.spotify.com/v1/tracks/7DKS0rX27cCEPsK0R6tFWS,https://api.spotify.com/v1/audio-analysis/7DKS0rX27cCEPsK0R6tFWS,220293,4,Wasted Times,"My Dear Melancholy,",30/03/2018,4qZBW3f2Q8y0k1A84d4iAO,/Users/lulucadaawe/Desktop/after-hours-emotional-arc/ml/../data/audio_previews_full/wasted_times.m4a
39,0.323,0.737,10,-4.008,1,0.0338,0.142,0.000162,0.163,0.155,113.26,audio_features,1cKHdTo9u0ZymJdPGSh6nq,spotify:track:1cKHdTo9u0ZymJdPGSh6nq,https://api.spotify.com/v1/tracks/1cKHdTo9u0ZymJdPGSh6nq,https://api.spotify.com/v1/audio-analysis/1cKHdTo9u0ZymJdPGSh6nq,241067,4,I Was Never There,"My Dear Melancholy,",30/03/2018,4qZBW3f2Q8y0k1A84d4iAO,/Users/lulucadaawe/Desktop/after-hours-emotional-arc/ml/../data/audio_previews_full/i_was_never_there.m4a
40,0.476,0.718,5,-7.227,0,0.149,0.263,0.00261,0.109,0.361,183.932,audio_features,6QdnKD1zwEgyOWtkrdzlOF,spotify:track:6QdnKD1zwEgyOWtkrdzlOF,https://api.spotify.com/v1/tracks/6QdnKD1zwEgyOWtkrdzlOF,https://api.spotify.com/v1/audio-analysis/6QdnKD1zwEgyOWtkrdzlOF,230027,4,Hurt You,"My Dear Melancholy,",30/03/2018,4qZBW3f2Q8y0k1A84d4iAO,/Users/lulucadaawe/Desktop/after-hours-emotional-arc/ml/../data/audio_previews_full/hurt_you.m4a
41,0.404,0.564,11,-7.013,0,0.0344,0.915,0.00252,0.134,0.371,93.631,audio_features,0Nwar8rweBUyfyuoyjjUvk,spotify:track:0Nwar8rweBUyfyuoyjjUvk,https://api.spotify.com/v1/tracks/0Nwar8rweBUyfyuoyjjUvk,https://api.spotify.com/v1/audio-analysis/0Nwar8rweBUyfyuoyjjUvk,170573,4,Privilege,"My Dear Melancholy,",30/03/2018,4qZBW3f2Q8y0k1A84d4iAO,/Users/lulucadaawe/Desktop/after-hours-emotional-arc/ml/../data/audio_previews_full/privilege.m4a
42,0.397,0.339,1,-6.688,1,0.0361,0.887,0.0,0.306,0.459,135.089,audio_features,5PTfZsGlsDDPH8i3PdQnXJ,spotify:track:5PTfZsGlsDDPH8i3PdQnXJ,https://api.spotify.com/v1/tracks/5PTfZsGlsDDPH8i3PdQnXJ,https://api.spotify.com/v1/audio-analysis/5PTfZsGlsDDPH8i3PdQnXJ,224747,3,Call Out My Name - A Cappella,"My Dear Melancholy,",30/03/2018,4qZBW3f2Q8y0k1A84d4iAO,/Users/lulucadaawe/Desktop/after-hours-emotional-arc/ml/../data/audio_previews_full/call_out_my_name_-_a_cappella.m4a
43,0.679,0.587,7,-7.015,1,0.276,0.141,6.35e-06,0.137,0.486,186.003,audio_features,7MXVkk9YMctZqd1Srtv4MB,spotify:track:7MXVkk9YMctZqd1Srtv4MB,https://api.spotify.com/v1/tracks/7MXVkk9YMctZqd1Srtv4MB,https://api.spotify.com/v1/audio-analysis/7MXVkk9YMctZqd1Srtv4MB,230453,4,Starboy,Starboy,25/11/2016,2ODvWsOgouMbaA5xf0RkJe,/Users/lulucadaawe/Desktop/after-hours-emotional-arc/ml/../data/audio_previews_full/starboy.m4a
44,0.573,0.63,1,-8.389,1,0.105,0.189,2.31e-05,0.259,0.218,77.525,audio_features,4F7A0DXBrmUAkp32uenhZt,spotify:track:4F7A0DXBrmUAkp32uenhZt,https://api.spotify.com/v1/tracks/4F7A0DXBrmUAkp32uenhZt,https://api.spotify.com/v1/audio-analysis/4F7A0DXBrmUAkp32uenhZt,249213,4,Party Monster,Starboy,25/11/2016,2ODvWsOgouMbaA5xf0RkJe,/Users/lulucadaawe/Desktop/after-hours-emotional-arc/ml/../data/audio_previews_full/party_monster.m4a
45,0.517,0.677,8,-6.373,0,0.0746,0.0324,3.37e-05,0.189,0.192,173.978,audio_features,4oeaIftdpT3JuZLcCkKmVE,spotify:track:4oeaIftdpT3JuZLcCkKmVE,https://api.spotify.com/v1/tracks/4oeaIftdpT3JuZLcCkKmVE,https://api.spotify.com/v1/audio-analysis/4oeaIftdpT3JuZLcCkKmVE,220307,4,False Alarm,Starboy,25/11/2016,2ODvWsOgouMbaA5xf0RkJe,/Users/lulucadaawe/Desktop/after-hours-emotional-arc/ml/../data/audio_previews_full/false_alarm.m4a
46,0.706,0.505,8,-6.923,1,0.193,0.142,0.0,0.164,0.388,160.053,audio_features,37F0uwRSrdzkBiuj0D5UHI,spotify:track:37F0uwRSrdzkBiuj0D5UHI,https://api.spotify.com/v1/tracks/37F0uwRSrdzkBiuj0D5UHI,https://api.spotify.com/v1/audio-analysis/37F0uwRSrdzkBiuj0D5UHI,218880,4,Reminder,Starboy,25/11/2016,2ODvWsOgouMbaA5xf0RkJe,/Users/lulucadaawe/Desktop/after-hours-emotional-arc/ml/../data/audio_previews_full/reminder.m4a
47,0.738,0.885,9,-5.547,0,0.206,0.0133,0.0,0.0821,0.752,112.878,audio_features,36YCdzT57us0LhDmCYtrNE,spotify:track:36YCdzT57us0LhDmCYtrNE,https://api.spotify.com/v1/tracks/36YCdzT57us0LhDmCYtrNE,https://api.spotify.com/v1/audio-analysis/36YCdzT57us0LhDmCYtrNE,232880,4,Rockin’,Starboy,25/11/2016,2ODvWsOgouMbaA5xf0RkJe,/Users/lulucadaawe/Desktop/after-hours-emotional-arc/ml/../data/audio_previews_full/rockin’.m4a
48,0.664,0.771,0,-5.779,1,0.0533,0.0155,9.6e-06,0.46,0.763,109.945,audio_features,00NAQYOP4AmWR549nnYJZu,spotify:track:00NAQYOP4AmWR549nnYJZu,https://api.spotify.com/v1/tracks/00NAQYOP4AmWR549nnYJZu,https://api.spotify.com/v1/audio-analysis/00NAQYOP4AmWR549nnYJZu,265600,4,Secrets,Starboy,25/11/2016,2ODvWsOgouMbaA5xf0RkJe,/Users/lulucadaawe/Desktop/after-hours-emotional-arc/ml/../data/audio_previews_full/secrets.m4a
49,0.624,0.424,1,-8.237,1,0.24,0.286,0.0,0.173,0.584,76.671,audio_features,1oGdVdYjeQvojGKDddxLQQ,spotify:track:1oGdVdYjeQvojGKDddxLQQ,https://api.spotify.com/v1/tracks/1oGdVdYjeQvojGKDddxLQQ,https://api.spotify.com/v1/audio-analysis/1oGdVdYjeQvojGKDddxLQQ,206013,4,True Colors,Starboy,25/11/2016,2ODvWsOgouMbaA5xf0RkJe,/Users/lulucadaawe/Desktop/after-hours-emotional-arc/ml/../data/audio_previews_full/true_colors.m4a
50,0.638,0.474,5,-12.7,0,0.124,0.351,0.191,0.105,0.441,179.771,audio_features,4EDijkJdHBZZ0GwJ12iTAj,spotify:track:4EDijkJdHBZZ0GwJ12iTAj,https://api.spotify.com/v1/tracks/4EDijkJdHBZZ0GwJ12iTAj,https://api.spotify.com/v1/audio-analysis/4EDijkJdHBZZ0GwJ12iTAj,111640,4,Stargirl Interlude,Starboy,25/11/2016,2ODvWsOgouMbaA5xf0RkJe,/Users/lulucadaawe/Desktop/after-hours-emotional-arc/ml/../data/audio_previews_full/stargirl_interlude.m4a
51,0.542,0.72,1,-5.136,0,0.0628,0.147,0.0,0.348,0.623,149.828,audio_features,4h90qkbnW1Qq6pBhoPvwko,spotify:track:4h90qkbnW1Qq6pBhoPvwko,https://api.spotify.com/v1/tracks/4h90qkbnW1Qq6pBhoPvwko,https://api.spotify.com/v1/audio-analysis/4h90qkbnW1Qq6pBhoPvwko,231360,4,Sidewalks,Starboy,25/11/2016,2ODvWsOgouMbaA5xf0RkJe,/Users/lulucadaawe/Desktop/after-hours-emotional-arc/ml/../data/audio_previews_full/sidewalks.m4a
52,0.772,0.504,6,-8.219,0,0.0761,0.129,0.0,0.125,0.244,140.035,audio_features,4mU5iXHeLgbR94siF7p1sY,spotify:track:4mU5iXHeLgbR94siF7p1sY,https://api.spotify.com/v1/tracks/4mU5iXHeLgbR94siF7p1sY,https://api.spotify.com/v1/audio-analysis/4mU5iXHeLgbR94siF7p1sY,237573,4,Six Feet Under,Starboy,25/11/2016,2ODvWsOgouMbaA5xf0RkJe,/Users/lulucadaawe/Desktop/after-hours-emotional-arc/ml/../data/audio_previews_full/six_feet_under.m4a
53,0.711,0.807,7,-5.052,0,0.0608,0.052,0.0,0.214,0.698,116.971,audio_features,27BgDmciSjoxTG0almHTpZ,spotify:track:27BgDmciSjoxTG0almHTpZ,https://api.spotify.com/v1/tracks/27BgDmciSjoxTG0almHTpZ,https://api.spotify.com/v1/audio-analysis/27BgDmciSjoxTG0almHTpZ,223293,4,Love To Lay,Starboy,25/11/2016,2ODvWsOgouMbaA5xf0RkJe,/Users/lulucadaawe/Desktop/after-hours-emotional-arc/ml/../data/audio_previews_full/love_to_lay.m4a
54,0.853,0.663,7,-6.955,0,0.0755,0.0431,8.71e-06,0.0891,0.864,113.998,audio_features,0ifooM33X1iBxVYyOkSbXW,spotify:track:0ifooM33X1iBxVYyOkSbXW,https://api.spotify.com/v1/tracks/0ifooM33X1iBxVYyOkSbXW,https://api.spotify.com/v1/audio-analysis/0ifooM33X1iBxVYyOkSbXW,220173,4,A Lonely Night,Starboy,25/11/2016,2ODvWsOgouMbaA5xf0RkJe,/Users/lulucadaawe/Desktop/after-hours-emotional-arc/ml/../data/audio_previews_full/a_lonely_night.m4a
55,0.671,0.428,4,-7.052,0,0.124,0.688,0.000182,0.119,0.362,148.04,audio_features,6pDVjCUA3B1vg9waKutAsv,spotify:track:6pDVjCUA3B1vg9waKutAsv,https://api.spotify.com/v1/tracks/6pDVjCUA3B1vg9waKutAsv,https://api.spotify.com/v1/audio-analysis/6pDVjCUA3B1vg9waKutAsv,197653,4,Attention,Starboy,25/11/2016,2ODvWsOgouMbaA5xf0RkJe,/Users/lulucadaawe/Desktop/after-hours-emotional-arc/ml/../data/audio_previews_full/attention.m4a
56,0.537,0.587,7,-7.486,0,0.0771,0.0275,0.0,0.0961,0.365,149.748,audio_features,15k2nBQJ0teDmPZHrOXL2N,spotify:track:15k2nBQJ0teDmPZHrOXL2N,https://api.spotify.com/v1/tracks/15k2nBQJ0teDmPZHrOXL2N,https://api.spotify.com/v1/audio-analysis/15k2nBQJ0teDmPZHrOXL2N,221920,4,Ordinary Life,Starboy,25/11/2016,2ODvWsOgouMbaA5xf0RkJe,/Users/lulucadaawe/Desktop/after-hours-emotional-arc/ml/../data/audio_previews_full/ordinary_life.m4a
57,0.575,0.634,1,-8.1,1,0.068,0.0646,0.0,0.0878,0.191,109.825,audio_features,57qiTKh8bVX0VtfUNTQqhw,spotify:track:57qiTKh8bVX0VtfUNTQqhw,https://api.spotify.com/v1/tracks/57qiTKh8bVX0VtfUNTQqhw,https://api.spotify.com/v1/audio-analysis/57qiTKh8bVX0VtfUNTQqhw,198653,4,Nothing Without You,Starboy,25/11/2016,2ODvWsOgouMbaA5xf0RkJe,/Users/lulucadaawe/Desktop/after-hours-emotional-arc/ml/../data/audio_previews_full/nothing_without_you.m4a
58,0.467,0.417,8,-10.614,0,0.074,0.421,0.000202,0.102,0.171,120.021,audio_features,0NWqNXBJTpXbkI5rPWNy3p,spotify:track:0NWqNXBJTpXbkI5rPWNy3p,https://api.spotify.com/v1/tracks/0NWqNXBJTpXbkI5rPWNy3p,https://api.spotify.com/v1/audio-analysis/0NWqNXBJTpXbkI5rPWNy3p,321027,4,All I Know,Starboy,25/11/2016,2ODvWsOgouMbaA5xf0RkJe,/Users/lulucadaawe/Desktop/after-hours-emotional-arc/ml/../data/audio_previews_full/all_i_know.m4a
59,0.582,0.525,1,-7.163,0,0.0627,0.111,0.0,0.134,0.51,133.249,audio_features,2Ch7LmS7r2Gy2kc64wv3Bz,spotify:track:2Ch7LmS7r2Gy2kc64wv3Bz,https://api.spotify.com/v1/tracks/2Ch7LmS7r2Gy2kc64wv3Bz,https://api.spotify.com/v1/audio-analysis/2Ch7LmS7r2Gy2kc64wv3Bz,260253,4,Die For You,Starboy,25/11/2016,2ODvWsOgouMbaA5xf0RkJe,/Users/lulucadaawe/Desktop/after-hours-emotional-arc/ml/../data/audio_previews_full/die_for_you.m4a
60,0.773,0.819,0,-5.946,0,0.118,0.428,0.0,0.0679,0.585,92.987,audio_features,3dhjNA0jGA8vHBQ1VdD6vV,spotify:track:3dhjNA0jGA8vHBQ1VdD6vV,https://api.spotify.com/v1/tracks/3dhjNA0jGA8vHBQ1VdD6vV,https://api.spotify.com/v1/audio-analysis/3dhjNA0jGA8vHBQ1VdD6vV,269187,4,I Feel It Coming,Starboy,25/11/2016,2ODvWsOgouMbaA5xf0RkJe,/Users/lulucadaawe/Desktop/after-hours-emotional-arc/ml/../data/audio_previews_full/i_feel_it_coming.m4a
61,0.58,0.653,11,-5.04,0,0.0506,0.438,0.0,0.351,0.346,90.726,audio_features,60jW6P7AGw2FozTaqctJ4i,spotify:track:60jW6P7AGw2FozTaqctJ4i,https://api.spotify.com/v1/tracks/60jW6P7AGw2FozTaqctJ4i,https://api.spotify.com/v1/audio-analysis/60jW6P7AGw2FozTaqctJ4i,223347,4,Real Life,Beauty Behind The Madness,16/03/2016,36yJ6fcaSCVsK1tybnNizj,/Users/lulucadaawe/Desktop/after-hours-emotional-arc/ml/../data/audio_previews_full/real_life.m4a
62,0.661,0.483,0,-9.793,0,0.0496,0.0309,0.000801,0.507,0.296,90.994,audio_features,2bWO9puW3hXQcZZsehDRCo,spotify:track:2bWO9puW3hXQcZZsehDRCo,https://api.spotify.com/v1/tracks/2bWO9puW3hXQcZZsehDRCo,https://api.spotify.com/v1/audio-analysis/2bWO9puW3hXQcZZsehDRCo,281173,4,Losers,Beauty Behind The Madness,16/03/2016,36yJ6fcaSCVsK1tybnNizj,/Users/lulucadaawe/Desktop/after-hours-emotional-arc/ml/../data/audio_previews_full/losers.m4a
63,0.565,0.454,1,-11.091,0,0.0461,0.265,0.0,0.181,0.312,74.809,audio_features,4cgDltqQz6YKPotLNbfGDn,spotify:track:4cgDltqQz6YKPotLNbfGDn,https://api.spotify.com/v1/tracks/4cgDltqQz6YKPotLNbfGDn,https://api.spotify.com/v1/audio-analysis/4cgDltqQz6YKPotLNbfGDn,334200,4,Tell Your Friends,Beauty Behind The Madness,16/03/2016,36yJ6fcaSCVsK1tybnNizj,/Users/lulucadaawe/Desktop/after-hours-emotional-arc/ml/../data/audio_previews_full/tell_your_friends.m4a
64,0.567,0.622,7,-9.821,0,0.046,0.248,0.0,0.139,0.0751,133.984,audio_features,3Hf7SsKqVeZ0uW164edrJl,spotify:track:3Hf7SsKqVeZ0uW164edrJl,https://api.spotify.com/v1/tracks/3Hf7SsKqVeZ0uW164edrJl,https://api.spotify.com/v1/audio-analysis/3Hf7SsKqVeZ0uW164edrJl,249107,4,Often,Beauty Behind The Madness,16/03/2016,36yJ6fcaSCVsK1tybnNizj,/Users/lulucadaawe/Desktop/after-hours-emotional-arc/ml/../data/audio_previews_full/often.m4a
65,0.374,0.55,0,-7.007,0,0.0848,0.0841,0.0,0.139,0.124,112.912,audio_features,7H5EBs3aGqRPZaGEvU6y6F,spotify:track:7H5EBs3aGqRPZaGEvU6y6F,https://api.spotify.com/v1/tracks/7H5EBs3aGqRPZaGEvU6y6F,https://api.spotify.com/v1/audio-analysis/7H5EBs3aGqRPZaGEvU6y6F,242280,4,The Hills,Beauty Behind The Madness,16/03/2016,36yJ6fcaSCVsK1tybnNizj,/Users/lulucadaawe/Desktop/after-hours-emotional-arc/ml/../data/audio_previews_full/the_hills.m4a
66,0.485,0.481,7,-9.858,0,0.051,0.437,0.0,0.0861,0.233,105.934,audio_features,5OejsjQoFVXniKLsXYs7G4,spotify:track:5OejsjQoFVXniKLsXYs7G4,https://api.spotify.com/v1/tracks/5OejsjQoFVXniKLsXYs7G4,https://api.spotify.com/v1/audio-analysis/5OejsjQoFVXniKLsXYs7G4,348893,4,Acquainted,Beauty Behind The Madness,16/03/2016,36yJ6fcaSCVsK1tybnNizj,/Users/lulucadaawe/Desktop/after-hours-emotional-arc/ml/../data/audio_previews_full/acquainted.m4a
67,0.705,0.769,9,-5.526,0,0.0426,0.112,0.0,0.105,0.59,107.939,audio_features,64bYIchESwtANfBlwJoK1e,spotify:track:64bYIchESwtANfBlwJoK1e,https://api.spotify.com/v1/tracks/64bYIchESwtANfBlwJoK1e,https://api.spotify.com/v1/audio-analysis/64bYIchESwtANfBlwJoK1e,213520,4,Can't Feel My Face,Beauty Behind The Madness,16/03/2016,36yJ6fcaSCVsK1tybnNizj,/Users/lulucadaawe/Desktop/after-hours-emotional-arc/ml/../data/audio_previews_full/cant_feel_my_face.m4a
68,0.603,0.562,6,-8.311,1,0.0267,0.146,0.0,0.109,0.244,100.038,audio_features,7MMQME7nvRBZ1ru82bJ9of,spotify:track:7MMQME7nvRBZ1ru82bJ9of,https://api.spotify.com/v1/tracks/7MMQME7nvRBZ1ru82bJ9of,https://api.spotify.com/v1/audio-analysis/7MMQME7nvRBZ1ru82bJ9of,253507,4,Shameless,Beauty Behind The Madness,16/03/2016,36yJ6fcaSCVsK1tybnNizj,/Users/lulucadaawe/Desktop/after-hours-emotional-arc/ml/../data/audio_previews_full/shameless.m4a
69,0.647,0.291,2,-8.275,0,0.0363,0.408,0.0,0.0772,0.4,119.839,audio_features,7ID2dydg1QFuWObmdhwzfm,spotify:track:7ID2dydg1QFuWObmdhwzfm,https://api.spotify.com/v1/tracks/7ID2dydg1QFuWObmdhwzfm,https://api.spotify.com/v1/audio-analysis/7ID2dydg1QFuWObmdhwzfm,277707,3,Earned It (Fifty Shades Of Grey),Beauty Behind The Madness,16/03/2016,36yJ6fcaSCVsK1tybnNizj,/Users/lulucadaawe/Desktop/after-hours-emotional-arc/ml/../data/audio_previews_full/earned_it_(fifty_shades_of_grey).m4a
70,0.4,0.673,7,-4.967,1,0.125,0.0803,0.0,0.0484,0.508,112.122,audio_features,17ghHlAfjnAIEpYGTlX4GL,spotify:track:17ghHlAfjnAIEpYGTlX4GL,https://api.spotify.com/v1/tracks/17ghHlAfjnAIEpYGTlX4GL,https://api.spotify.com/v1/audio-analysis/17ghHlAfjnAIEpYGTlX4GL,235627,4,In The Night,Beauty Behind The Madness,16/03/2016,36yJ6fcaSCVsK1tybnNizj,/Users/lulucadaawe/Desktop/after-hours-emotional-arc/ml/../data/audio_previews_full/in_the_night.m4a
71,0.371,0.329,0,-9.667,0,0.0574,0.131,0.00625,0.279,0.0539,173.661,audio_features,2d1ogCmohNk5jsRTk0eCNs,spotify:track:2d1ogCmohNk5jsRTk0eCNs,https://api.spotify.com/v1/tracks/2d1ogCmohNk5jsRTk0eCNs,https://api.spotify.com/v1/audio-analysis/2d1ogCmohNk5jsRTk0eCNs,340493,4,As You Are,Beauty Behind The Madness,16/03/2016,36yJ6fcaSCVsK1tybnNizj,/Users/lulucadaawe/Desktop/after-hours-emotional-arc/ml/../data/audio_previews_full/as_you_are.m4a
72,0.501,0.403,9,-9.607,0,0.0752,0.114,1.1e-05,0.124,0.27,132.608,audio_features,3JOh1LxSDVjTLF5DAB8R5M,spotify:track:3JOh1LxSDVjTLF5DAB8R5M,https://api.spotify.com/v1/tracks/3JOh1LxSDVjTLF5DAB8R5M,https://api.spotify.com/v1/audio-analysis/3JOh1LxSDVjTLF5DAB8R5M,260640,3,Dark Times,Beauty Behind The Madness,16/03/2016,36yJ6fcaSCVsK1tybnNizj,/Users/lulucadaawe/Desktop/after-hours-emotional-arc/ml/../data/audio_previews_full/dark_times.m4a
73,0.55,0.404,0,-12.755,0,0.0398,0.441,0.00022,0.11,0.329,135.016,audio_features,3q3INoUz56tAaKXZSkONon,spotify:track:3q3INoUz56tAaKXZSkONon,https://api.spotify.com/v1/tracks/3q3INoUz56tAaKXZSkONon,https://api.spotify.com/v1/audio-analysis/3q3INoUz56tAaKXZSkONon,274960,4,Prisoner,Beauty Behind The Madness,16/03/2016,36yJ6fcaSCVsK1tybnNizj,/Users/lulucadaawe/Desktop/after-hours-emotional-arc/ml/../data/audio_previews_full/prisoner.m4a
74,0.626,0.583,10,-7.574,0,0.0435,0.105,0.0,0.115,0.335,127.956,audio_features,2qHMUxqGht8K1wNjXG40wH,spotify:track:2qHMUxqGht8K1wNjXG40wH,https://api.spotify.com/v1/tracks/2qHMUxqGht8K1wNjXG40wH,https://api.spotify.com/v1/audio-analysis/2qHMUxqGht8K1wNjXG40wH,377627,4,Angel,Beauty Behind The Madness,16/03/2016,36yJ6fcaSCVsK1tybnNizj,/Users/lulucadaawe/Desktop/after-hours-emotional-arc/ml/../data/audio_previews_full/angel.m4a
75,0.605,0.714,9,-5.432,0,0.101,0.0104,2.35e-05,0.324,0.136,128.025,audio_features,5KIfOGEy5DM2TaT0ph5nYM,spotify:track:5KIfOGEy5DM2TaT0ph5nYM,https://api.spotify.com/v1/tracks/5KIfOGEy5DM2TaT0ph5nYM,https://api.spotify.com/v1/audio-analysis/5KIfOGEy5DM2TaT0ph5nYM,253933,4,Can't Feel My Face - Martin Garrix Remix,Beauty Behind The Madness,16/03/2016,36yJ6fcaSCVsK1tybnNizj,/Users/lulucadaawe/Desktop/after-hours-emotional-arc/ml/../data/audio_previews_full/cant_feel_my_face_-_martin_garrix_remix.m4a
76,0.65,0.632,0,-6.672,0,0.184,0.0681,0.0,0.0875,0.33,112.927,audio_features,2jpBr2dJrIgrpkqorINSAa,spotify:track:2jpBr2dJrIgrpkqorINSAa,https://api.spotify.com/v1/tracks/2jpBr2dJrIgrpkqorINSAa,https://api.spotify.com/v1/audio-analysis/2jpBr2dJrIgrpkqorINSAa,263960,4,The Hills - Remix,Beauty Behind The Madness,16/03/2016,36yJ6fcaSCVsK1tybnNizj,/Users/lulucadaawe/Desktop/after-hours-emotional-arc/ml/../data/audio_previews_full/the_hills_-_remix.m4a
77,0.409,0.602,0,-7.025,0,0.108,0.0974,0.0,0.107,0.186,110.463,audio_features,019FM2BxcPE2vyGWeOWhvS,spotify:track:019FM2BxcPE2vyGWeOWhvS,https://api.spotify.com/v1/tracks/019FM2BxcPE2vyGWeOWhvS,https://api.spotify.com/v1/audio-analysis/019FM2BxcPE2vyGWeOWhvS,243493,4,The Hills - Remix,Beauty Behind The Madness,16/03/2016,36yJ6fcaSCVsK1tybnNizj,/Users/lulucadaawe/Desktop/after-hours-emotional-arc/ml/../data/audio_previews_full/the_hills_-_remix.m4a
78,0.405,0.619,11,-8.92,0,0.0618,0.163,0.000322,0.0788,0.234,120.087,audio_features,7gSjRw3wKuTeDdM0lwp9rv,spotify:track:7gSjRw3wKuTeDdM0lwp9rv,https://api.spotify.com/v1/tracks/7gSjRw3wKuTeDdM0lwp9rv,https://api.spotify.com/v1/audio-analysis/7gSjRw3wKuTeDdM0lwp9rv,368720,4,Professional,Kiss Land (Deluxe),10/09/2013,6wRev1uYL0JsMsWqktJuVi,/Users/lulucadaawe/Desktop/after-hours-emotional-arc/ml/../data/audio_previews_full/professional.m4a
79,0.625,0.523,1,-8.227,0,0.0369,0.366,2.54e-06,0.0826,0.191,139.964,audio_features,3lcEVP5beEkAFiFIG5D0QF,spotify:track:3lcEVP5beEkAFiFIG5D0QF,https://api.spotify.com/v1/tracks/3lcEVP5beEkAFiFIG5D0QF,https://api.spotify.com/v1/audio-analysis/3lcEVP5beEkAFiFIG5D0QF,307347,4,The Town,Kiss Land (Deluxe),10/09/2013,6wRev1uYL0JsMsWqktJuVi,/Users/lulucadaawe/Desktop/after-hours-emotional-arc/ml/../data/audio_previews_full/the_town.m4a
80,0.642,0.793,11,-6.799,0,0.0691,0.159,0.000557,0.305,0.623,114.96,audio_features,3FvDYk5IC5Um84kK5FbJGR,spotify:track:3FvDYk5IC5Um84kK5FbJGR,https://api.spotify.com/v1/tracks/3FvDYk5IC5Um84kK5FbJGR,https://api.spotify.com/v1/audio-analysis/3FvDYk5IC5Um84kK5FbJGR,283933,4,Adaptation,Kiss Land (Deluxe),10/09/2013,6wRev1uYL0JsMsWqktJuVi,/Users/lulucadaawe/Desktop/after-hours-emotional-arc/ml/../data/audio_previews_full/adaptation.m4a
81,0.645,0.736,9,-6.862,0,0.0514,0.16,0.000156,0.6,0.347,115.03,audio_features,5vjgyZm1Zhtg4RptN4evNQ,spotify:track:5vjgyZm1Zhtg4RptN4evNQ,https://api.spotify.com/v1/tracks/5vjgyZm1Zhtg4RptN4evNQ,https://api.spotify.com/v1/audio-analysis/5vjgyZm1Zhtg4RptN4evNQ,267920,4,Love In The Sky,Kiss Land (Deluxe),10/09/2013,6wRev1uYL0JsMsWqktJuVi,/Users/lulucadaawe/Desktop/after-hours-emotional-arc/ml/../data/audio_previews_full/love_in_the_sky.m4a
82,0.503,0.858,5,-6.27,0,0.0578,0.00392,0.0,0.119,0.361,121.008,audio_features,4w1dIZxwO83XpKo5wgLhkk,spotify:track:4w1dIZxwO83XpKo5wgLhkk,https://api.spotify.com/v1/tracks/4w1dIZxwO83XpKo5wgLhkk,https://api.spotify.com/v1/audio-analysis/4w1dIZxwO83XpKo5wgLhkk,307173,4,Belong To The World,Kiss Land (Deluxe),10/09/2013,6wRev1uYL0JsMsWqktJuVi,/Users/lulucadaawe/Desktop/after-hours-emotional-arc/ml/../data/audio_previews_full/belong_to_the_world.m4a
83,0.624,0.68,0,-7.64,1,0.112,0.517,0.0,0.114,0.227,75.983,audio_features,4ER9305DBAmJqj2P96TfBr,spotify:track:4ER9305DBAmJqj2P96TfBr,https://api.spotify.com/v1/tracks/4ER9305DBAmJqj2P96TfBr,https://api.spotify.com/v1/audio-analysis/4ER9305DBAmJqj2P96TfBr,222667,4,Live For,Kiss Land (Deluxe),10/09/2013,6wRev1uYL0JsMsWqktJuVi,/Users/lulucadaawe/Desktop/after-hours-emotional-arc/ml/../data/audio_previews_full/live_for.m4a
84,0.637,0.652,1,-5.237,0,0.0435,0.0664,0.177,0.0714,0.0725,115.923,audio_features,5OmX5lXxZ5sQgPuSHDn293,spotify:track:5OmX5lXxZ5sQgPuSHDn293,https://api.spotify.com/v1/tracks/5OmX5lXxZ5sQgPuSHDn293,https://api.spotify.com/v1/audio-analysis/5OmX5lXxZ5sQgPuSHDn293,306773,4,Wanderlust,Kiss Land (Deluxe),10/09/2013,6wRev1uYL0JsMsWqktJuVi,/Users/lulucadaawe/Desktop/after-hours-emotional-arc/ml/../data/audio_previews_full/wanderlust.m4a
85,0.324,0.852,11,-6.675,0,0.109,0.0415,0.0,0.0609,0.4,121.886,audio_features,5FUn6vN4PDHXxqnb5LQhJQ,spotify:track:5FUn6vN4PDHXxqnb5LQhJQ,https://api.spotify.com/v1/tracks/5FUn6vN4PDHXxqnb5LQhJQ,https://api.spotify.com/v1/audio-analysis/5FUn6vN4PDHXxqnb5LQhJQ,455333,4,Kiss Land,Kiss Land (Deluxe),10/09/2013,6wRev1uYL0JsMsWqktJuVi,/Users/lulucadaawe/Desktop/after-hours-emotional-arc/ml/../data/audio_previews_full/kiss_land.m4a
86,0.572,0.685,11,-6.829,0,0.0397,0.0355,3.43e-05,0.315,0.328,126.049,audio_features,3ZhnXFSunfOPWSqfLLQA9W,spotify:track:3ZhnXFSunfOPWSqfLLQA9W,https://api.spotify.com/v1/tracks/3ZhnXFSunfOPWSqfLLQA9W,https://api.spotify.com/v1/audio-analysis/3ZhnXFSunfOPWSqfLLQA9W,375400,4,Pretty,Kiss Land (Deluxe),10/09/2013,6wRev1uYL0JsMsWqktJuVi,/Users/lulucadaawe/Desktop/after-hours-emotional-arc/ml/../data/audio_previews_full/pretty.m4a
87,0.655,0.636,1,-7.841,1,0.0452,0.109,0.23,0.0842,0.191,160.01,audio_features,7FeSiBUEyqxlKvjGbfwKku,spotify:track:7FeSiBUEyqxlKvjGbfwKku,https://api.spotify.com/v1/tracks/7FeSiBUEyqxlKvjGbfwKku,https://api.spotify.com/v1/audio-analysis/7FeSiBUEyqxlKvjGbfwKku,444653,4,Tears In The Rain,Kiss Land (Deluxe),10/09/2013,6wRev1uYL0JsMsWqktJuVi,/Users/lulucadaawe/Desktop/after-hours-emotional-arc/ml/../data/audio_previews_full/tears_in_the_rain.m4a
88,0.744,0.599,1,-7.476,0,0.0407,0.0997,0.00165,0.104,0.477,116.007,audio_features,14p9UeyB3zxuo62wRjk5iR,spotify:track:14p9UeyB3zxuo62wRjk5iR,https://api.spotify.com/v1/tracks/14p9UeyB3zxuo62wRjk5iR,https://api.spotify.com/v1/audio-analysis/14p9UeyB3zxuo62wRjk5iR,305693,4,Wanderlust,Kiss Land (Deluxe),10/09/2013,6wRev1uYL0JsMsWqktJuVi,/Users/lulucadaawe/Desktop/after-hours-emotional-arc/ml/../data/audio_previews_full/wanderlust.m4a
89,0.627,0.897,10,-3.647,0,0.0504,0.246,0.0,0.117,0.257,104.947,audio_features,7xcqbjV2NfxlnJzqdRuO7E,spotify:track:7xcqbjV2NfxlnJzqdRuO7E,https://api.spotify.com/v1/tracks/7xcqbjV2NfxlnJzqdRuO7E,https://api.spotify.com/v1/audio-analysis/7xcqbjV2NfxlnJzqdRuO7E,252853,4,Odd Look,Kiss Land (Deluxe),10/09/2013,6wRev1uYL0JsMsWqktJuVi,/Users/lulucadaawe/Desktop/after-hours-emotional-arc/ml/../data/audio_previews_full/odd_look.m4a
110,0.677,0.663,7,-6.582,0,0.0773,0.687,0.0,0.643,0.412,119.966,audio_features,0WdJTI3UVvUMbLwPk5ObKI,spotify:track:0WdJTI3UVvUMbLwPk5ObKI,https://api.spotify.com/v1/tracks/0WdJTI3UVvUMbLwPk5ObKI,https://api.spotify.com/v1/audio-analysis/0WdJTI3UVvUMbLwPk5ObKI,274434,4,D.D. - Original,Echoes Of Silence (Original),21/12/2011,04hy4jb1GDD00otiwzsFUB,/Users/lulucadaawe/Desktop/after-hours-emotional-arc/ml/../data/audio_previews_full/d.d._-_original.m4a
111,0.54,0.775,7,-4.118,0,0.0992,0.0598,2.93e-05,0.624,0.166,183.822,audio_features,0UGdO687azruy9tFlCxO6F,spotify:track:0UGdO687azruy9tFlCxO6F,https://api.spotify.com/v1/tracks/0UGdO687azruy9tFlCxO6F,https://api.spotify.com/v1/audio-analysis/0UGdO687azruy9tFlCxO6F,250506,4,Montreal - Original,Echoes Of Silence (Original),21/12/2011,04hy4jb1GDD00otiwzsFUB,/Users/lulucadaawe/Desktop/after-hours-emotional-arc/ml/../data/audio_previews_full/montreal_-_original.m4a
112,0.578,0.491,5,-7.107,0,0.0469,0.748,0.0,0.16,0.237,139.97,audio_features,58yC1Q6XKjmHeWkEWh9O6B,spotify:track:58yC1Q6XKjmHeWkEWh9O6B,https://api.spotify.com/v1/tracks/58yC1Q6XKjmHeWkEWh9O6B,https://api.spotify.com/v1/audio-analysis/58yC1Q6XKjmHeWkEWh9O6B,259004,4,Outside - Original,Echoes Of Silence (Original),21/12/2011,04hy4jb1GDD00otiwzsFUB,/Users/lulucadaawe/Desktop/after-hours-emotional-arc/ml/../data/audio_previews_full/outside_-_original.m4a
113,0.449,0.717,2,-6.055,1,0.0549,0.419,0.000272,0.346,0.235,127.999,audio_features,0Hs5enNuaAXmJssAybWbOw,spotify:track:0Hs5enNuaAXmJssAybWbOw,https://api.spotify.com/v1/tracks/0Hs5enNuaAXmJssAybWbOw,https://api.spotify.com/v1/audio-analysis/0Hs5enNuaAXmJssAybWbOw,444213,4,XO / The Host - Original,Echoes Of Silence (Original),21/12/2011,04hy4jb1GDD00otiwzsFUB,/Users/lulucadaawe/Desktop/after-hours-emotional-arc/ml/../data/audio_previews_full/xo_-_the_host_-_original.m4a
114,0.644,0.691,1,-6.348,1,0.0655,0.555,5.59e-06,0.211,0.718,139.953,audio_features,3QWENKFYGEgp3itgTnrgq9,spotify:track:3QWENKFYGEgp3itgTnrgq9,https://api.spotify.com/v1/tracks/3QWENKFYGEgp3itgTnrgq9,https://api.spotify.com/v1/audio-analysis/3QWENKFYGEgp3itgTnrgq9,260730,4,Initiation - Original,Echoes Of Silence (Original),21/12/2011,04hy4jb1GDD00otiwzsFUB,
115,0.795,0.562,8,-4.939,1,0.0439,0.398,1.64e-05,0.574,0.408,109.963,audio_features,37zSTGaP8bfBDGpJnUmSDl,spotify:track:37zSTGaP8bfBDGpJnUmSDl,https://api.spotify.com/v1/tracks/37zSTGaP8bfBDGpJnUmSDl,https://api.spotify.com/v1/audio-analysis/37zSTGaP8bfBDGpJnUmSDl,312059,4,Same Old Song - Original,Echoes Of Silence (Original),21/12/2011,04hy4jb1GDD00otiwzsFUB,/Users/lulucadaawe/Desktop/after-hours-emotional-arc/ml/../data/audio_previews_full/same_old_song_-_original.m4a
116,0.425,0.782,5,-6.52,0,0.0892,0.737,0.000181,0.5,0.41,150.092,audio_features,0JGoOLSl8A80mSPBL7ya9U,spotify:track:0JGoOLSl8A80mSPBL7ya9U,https://api.spotify.com/v1/tracks/0JGoOLSl8A80mSPBL7ya9U,https://api.spotify.com/v1/audio-analysis/0JGoOLSl8A80mSPBL7ya9U,345251,4,The Fall - Original,Echoes Of Silence (Original),21/12/2011,04hy4jb1GDD00otiwzsFUB,/Users/lulucadaawe/Desktop/after-hours-emotional-arc/ml/../data/audio_previews_full/the_fall_-_original.m4a
117,0.674,0.671,6,-6.323,1,0.0403,0.824,9.05e-06,0.334,0.509,112.051,audio_features,6pG3yiKNsX03ZFTFWdOasv,spotify:track:6pG3yiKNsX03ZFTFWdOasv,https://api.spotify.com/v1/tracks/6pG3yiKNsX03ZFTFWdOasv,https://api.spotify.com/v1/audio-analysis/6pG3yiKNsX03ZFTFWdOasv,361688,4,Next - Original,Echoes Of Silence (Original),21/12/2011,04hy4jb1GDD00otiwzsFUB,/Users/lulucadaawe/Desktop/after-hours-emotional-arc/ml/../data/audio_previews_full/next_-_original.m4a
118,0.356,0.201,6,-12.289,0,0.0388,0.974,0.000273,0.108,0.18,130.688,audio_features,3weHnt82LuCTMa2AnZFM78,spotify:track:3weHnt82LuCTMa2AnZFM78,https://api.spotify.com/v1/tracks/3weHnt82LuCTMa2AnZFM78,https://api.spotify.com/v1/audio-analysis/3weHnt82LuCTMa2AnZFM78,239995,3,Echoes Of Silence - Original,Echoes Of Silence (Original),21/12/2011,04hy4jb1GDD00otiwzsFUB,/Users/lulucadaawe/Desktop/after-hours-emotional-arc/ml/../data/audio_previews_full/echoes_of_silence_-_original.m4a
119,0.483,0.621,2,-8.602,1,0.0393,0.267,0.0284,0.472,0.172,158.001,audio_features,5JpSjNcjuP8L9QrYmv3xcn,spotify:track:5JpSjNcjuP8L9QrYmv3xcn,https://api.spotify.com/v1/tracks/5JpSjNcjuP8L9QrYmv3xcn,https://api.spotify.com/v1/audio-analysis/5JpSjNcjuP8L9QrYmv3xcn,349033,4,Lonely Star - Original,Thursday (Original),18/08/2011,6F87lH0I09qlrzvCCKc7lz,/Users/lulucadaawe/Desktop/after-hours-emotional-arc/ml/../data/audio_previews_full/lonely_star_-_original.m4a
120,0.596,0.553,2,-7.96,1,0.0269,0.00294,0.00148,0.595,0.516,138.107,audio_features,6eJbjaoLRlfwrfWpeS6alF,spotify:track:6eJbjaoLRlfwrfWpeS6alF,https://api.spotify.com/v1/tracks/6eJbjaoLRlfwrfWpeS6alF,https://api.spotify.com/v1/audio-analysis/6eJbjaoLRlfwrfWpeS6alF,296286,4,Life Of The Party - Original,Thursday (Original),18/08/2011,6F87lH0I09qlrzvCCKc7lz,/Users/lulucadaawe/Desktop/after-hours-emotional-arc/ml/../data/audio_previews_full/life_of_the_party_-_original.m4a
121,0.26,0.491,0,-8.059,0,0.0501,0.476,0.0263,0.0558,0.207,179.327,audio_features,0l1p13Fbujayv894H0hfpS,spotify:track:0l1p13Fbujayv894H0hfpS,https://api.spotify.com/v1/tracks/0l1p13Fbujayv894H0hfpS,https://api.spotify.com/v1/audio-analysis/0l1p13Fbujayv894H0hfpS,320004,3,Thursday - Original,Thursday (Original),18/08/2011,6F87lH0I09qlrzvCCKc7lz,/Users/lulucadaawe/Desktop/after-hours-emotional-arc/ml/../data/audio_previews_full/thursday_-_original.m4a
122,0.654,0.383,3,-9.875,0,0.0363,0.129,0.000755,0.103,0.268,139.95,audio_features,53qYItjefG5SUf62428dIw,spotify:track:53qYItjefG5SUf62428dIw,https://api.spotify.com/v1/tracks/53qYItjefG5SUf62428dIw,https://api.spotify.com/v1/audio-analysis/53qYItjefG5SUf62428dIw,418057,4,The Zone - Original,Thursday (Original),18/08/2011,6F87lH0I09qlrzvCCKc7lz,/Users/lulucadaawe/Desktop/after-hours-emotional-arc/ml/../data/audio_previews_full/the_zone_-_original.m4a
123,0.56,0.586,0,-7.382,0,0.0351,0.00176,0.0,0.0838,0.171,127.873,audio_features,5SF1kcOiOmtZFUIQNGC4TC,spotify:track:5SF1kcOiOmtZFUIQNGC4TC,https://api.spotify.com/v1/tracks/5SF1kcOiOmtZFUIQNGC4TC,https://api.spotify.com/v1/audio-analysis/5SF1kcOiOmtZFUIQNGC4TC,214516,4,The Birds Pt. 1 - Original,Thursday (Original),18/08/2011,6F87lH0I09qlrzvCCKc7lz,/Users/lulucadaawe/Desktop/after-hours-emotional-arc/ml/../data/audio_previews_full/the_birds_pt._1_-_original.m4a
124,0.278,0.564,9,-7.61,0,0.0357,0.459,9.4e-06,0.256,0.177,78.639,audio_features,2yYDijitHN6psA2tH0ndXs,spotify:track:2yYDijitHN6psA2tH0ndXs,https://api.spotify.com/v1/tracks/2yYDijitHN6psA2tH0ndXs,https://api.spotify.com/v1/audio-analysis/2yYDijitHN6psA2tH0ndXs,350584,3,The Birds Pt. 2 - Original,Thursday (Original),18/08/2011,6F87lH0I09qlrzvCCKc7lz,/Users/lulucadaawe/Desktop/after-hours-emotional-arc/ml/../data/audio_previews_full/the_birds_pt._2_-_original.m4a
125,0.473,0.478,0,-10.258,0,0.091,0.425,0.000232,0.0629,0.262,109.371,audio_features,7xgYvziLsxNd0UznaEw8Oi,spotify:track:7xgYvziLsxNd0UznaEw8Oi,https://api.spotify.com/v1/tracks/7xgYvziLsxNd0UznaEw8Oi,https://api.spotify.com/v1/audio-analysis/7xgYvziLsxNd0UznaEw8Oi,486426,4,Gone - Original,Thursday (Original),18/08/2011,6F87lH0I09qlrzvCCKc7lz,/Users/lulucadaawe/Desktop/after-hours-emotional-arc/ml/../data/audio_previews_full/gone_-_original.m4a
126,0.678,0.352,8,-12.019,0,0.0317,0.536,5.29e-05,0.11,0.397,129.92,audio_features,4dXnS1YXBkn4oAIxRLPJcK,spotify:track:4dXnS1YXBkn4oAIxRLPJcK,https://api.spotify.com/v1/tracks/4dXnS1YXBkn4oAIxRLPJcK,https://api.spotify.com/v1/audio-analysis/4dXnS1YXBkn4oAIxRLPJcK,230784,4,Rolling Stone - Original,Thursday (Original),18/08/2011,6F87lH0I09qlrzvCCKc7lz,/Users/lulucadaawe/Desktop/after-hours-emotional-arc/ml/../data/audio_previews_full/rolling_stone_-_original.m4a
127,0.53,0.699,11,-8.558,0,0.063,0.0128,0.000152,0.0865,0.212,125.055,audio_features,5JQ5Acrgv1VrO9UtMUN052,spotify:track:5JQ5Acrgv1VrO9UtMUN052,https://api.spotify.com/v1/tracks/5JQ5Acrgv1VrO9UtMUN052,https://api.spotify.com/v1/audio-analysis/5JQ5Acrgv1VrO9UtMUN052,353732,4,Heaven Or Las Vegas - Original,Thursday (Original),18/08/2011,6F87lH0I09qlrzvCCKc7lz,/Users/lulucadaawe/Desktop/after-hours-emotional-arc/ml/../data/audio_previews_full/heaven_or_las_vegas_-_original.m4a
128,0.466,0.403,4,-10.441,0,0.0502,0.59,9.51e-05,0.1,0.0967,75.033,audio_features,2ye9iWj5V4g6k6HFeTTAKa,spotify:track:2ye9iWj5V4g6k6HFeTTAKa,https://api.spotify.com/v1/tracks/2ye9iWj5V4g6k6HFeTTAKa,https://api.spotify.com/v1/audio-analysis/2ye9iWj5V4g6k6HFeTTAKa,249102,4,High For This - Original,House Of Balloons (Original),21/03/2011,7zCODUHkfuRxsUjtuzNqbd,/Users/lulucadaawe/Desktop/after-hours-emotional-arc/ml/../data/audio_previews_full/high_for_this_-_original.m4a
129,0.638,0.335,7,-10.522,0,0.0854,0.505,0.0139,0.116,0.0608,133.853,audio_features,4Yw8TyBm9J8cpy2guHUYog,spotify:track:4Yw8TyBm9J8cpy2guHUYog,https://api.spotify.com/v1/tracks/4Yw8TyBm9J8cpy2guHUYog,https://api.spotify.com/v1/audio-analysis/4Yw8TyBm9J8cpy2guHUYog,206421,4,What You Need - Original,House Of Balloons (Original),21/03/2011,7zCODUHkfuRxsUjtuzNqbd,/Users/lulucadaawe/Desktop/after-hours-emotional-arc/ml/../data/audio_previews_full/what_you_need_-_original.m4a
130,0.662,0.511,0,-8.419,1,0.0342,0.00237,0.0036,0.275,0.228,88.989,audio_features,2r7BPog74oaTG5shNYiUnV,spotify:track:2r7BPog74oaTG5shNYiUnV,https://api.spotify.com/v1/tracks/2r7BPog74oaTG5shNYiUnV,https://api.spotify.com/v1/audio-analysis/2r7BPog74oaTG5shNYiUnV,407316,4,House Of Balloons / Glass Table Girls - Original,House Of Balloons (Original),21/03/2011,7zCODUHkfuRxsUjtuzNqbd,/Users/lulucadaawe/Desktop/after-hours-emotional-arc/ml/../data/audio_previews_full/house_of_balloons_-_glass_table_girls_-_original.m4a
131,0.682,0.51,6,-9.987,0,0.0441,0.143,4.46e-06,0.0797,0.191,120.097,audio_features,4jBfUB4kQJCWOrjGLQqhO0,spotify:track:4jBfUB4kQJCWOrjGLQqhO0,https://api.spotify.com/v1/tracks/4jBfUB4kQJCWOrjGLQqhO0,https://api.spotify.com/v1/audio-analysis/4jBfUB4kQJCWOrjGLQqhO0,314110,4,The Morning - Original,House Of Balloons (Original),21/03/2011,7zCODUHkfuRxsUjtuzNqbd,/Users/lulucadaawe/Desktop/after-hours-emotional-arc/ml/../data/audio_previews_full/the_morning_-_original.m4a
132,0.606,0.57,9,-6.684,1,0.032,0.0217,8.47e-06,0.301,0.258,114.033,audio_features,00aqkszH1FdUiJJWvX6iEl,spotify:track:00aqkszH1FdUiJJWvX6iEl,https://api.spotify.com/v1/tracks/00aqkszH1FdUiJJWvX6iEl,https://api.spotify.com/v1/audio-analysis/00aqkszH1FdUiJJWvX6iEl,325305,4,Wicked Games - Original,House Of Balloons (Original),21/03/2011,7zCODUHkfuRxsUjtuzNqbd,/Users/lulucadaawe/Desktop/after-hours-emotional-arc/ml/../data/audio_previews_full/wicked_games_-_original.m4a
133,0.645,0.58,5,-9.527,0,0.0406,0.22,0.0,0.0878,0.163,101.733,audio_features,0GROiXm03OrMC5ltXLhGIu,spotify:track:0GROiXm03OrMC5ltXLhGIu,https://api.spotify.com/v1/tracks/0GROiXm03OrMC5ltXLhGIu,https://api.spotify.com/v1/audio-analysis/0GROiXm03OrMC5ltXLhGIu,459660,4,The Party & The After Party - Original,House Of Balloons (Original),21/03/2011,7zCODUHkfuRxsUjtuzNqbd,/Users/lulucadaawe/Desktop/after-hours-emotional-arc/ml/../data/audio_previews_full/the_party_&_the_after_party_-_original.m4a
134,0.694,0.649,2,-5.262,0,0.0353,0.303,2.41e-05,0.206,0.344,120.973,audio_features,3mHO1J6kfiArjBo1zhLFGP,spotify:track:3mHO1J6kfiArjBo1zhLFGP,https://api.spotify.com/v1/tracks/3mHO1J6kfiArjBo1zhLFGP,https://api.spotify.com/v1/audio-analysis/3mHO1J6kfiArjBo1zhLFGP,295435,4,Coming Down - Original,House Of Balloons (Original),21/03/2011,7zCODUHkfuRxsUjtuzNqbd,/Users/lulucadaawe/Desktop/after-hours-emotional-arc/ml/../data/audio_previews_full/coming_down_-_original.m4a
135,0.257,0.443,6,-9.998,0,0.0921,0.49,0.00049,0.219,0.112,77.528,audio_features,2yBz1hupoOBncorzuKcJ2z,spotify:track:2yBz1hupoOBncorzuKcJ2z,https://api.spotify.com/v1/tracks/2yBz1hupoOBncorzuKcJ2z,https://api.spotify.com/v1/audio-analysis/2yBz1hupoOBncorzuKcJ2z,363057,4,Loft Music - Original,House Of Balloons (Original),21/03/2011,7zCODUHkfuRxsUjtuzNqbd,/Users/lulucadaawe/Desktop/after-hours-emotional-arc/ml/../data/audio_previews_full/loft_music_-_original.m4a
136,0.454,0.668,6,-5.821,0,0.03,0.205,0.000841,0.0938,0.168,85.994,audio_features,6tjsbysvZh8Pq8DZA5ldrn,spotify:track:6tjsbysvZh8Pq8DZA5ldrn,https://api.spotify.com/v1/tracks/6tjsbysvZh8Pq8DZA5ldrn,https://api.spotify.com/v1/audio-analysis/6tjsbysvZh8Pq8DZA5ldrn,342829,4,The Knowing - Original,House Of Balloons (Original),21/03/2011,7zCODUHkfuRxsUjtuzNqbd,/Users/lulucadaawe/Desktop/after-hours-emotional-arc/ml/../data/audio_previews_full/the_knowing_-_original.m4a
