tempo,rms_energy,zero_crossing_rate,spectral_centroid,spectral_rolloff,spectral_bandwidth,harmonic_percussive_ratio,major_key_corr,minor_key_corr,mfcc_1,mfcc_2,mfcc_3,mfcc_4,mfcc_5,mfcc_6,mfcc_7,mfcc_8,mfcc_9,mfcc_10,mfcc_11,mfcc_12,mfcc_13,track_name,album_name,valence,energy,danceability
123.046875,0.2983720004558563,0.08963227474864656,2451.7841616562982,5362.233881054234,2639.701785402258,2.1746530171870333,0.3380800887133854,0.46601233711321255,-36.70412826538086,79.50506591796875,8.33007526397705,24.917695999145508,3.090921640396118,11.355621337890625,-0.3318350613117218,6.07166051864624,-1.839092493057251,7.135031700134277,-3.0957884788513184,-1.8120630979537964,-3.260110855102539,Dawn FM,Dawn FM (Alternate World),0.0807,0.478,0.28
123.046875,0.31492170691490173,0.08731208913379737,2566.2696922873674,5576.591672255656,2641.4948759555905,2.6426589840664962,0.4372778119353286,0.5053489747842528,-30.268352508544922,72.08839416503906,-3.1666550636291504,32.27780532836914,12.31340217590332,9.841144561767578,4.322168350219727,11.853766441345215,-1.018372893333435,11.563105583190918,4.006406784057617,10.210356712341309,2.76159405708313,Gasoline,Dawn FM (Alternate World),0.31,0.741,0.728
123.046875,0.3205784857273102,0.08881809503093581,2665.712221853824,5859.662530814965,2726.4246745548417,3.701023193283979,0.7003294071553159,0.7473433803893917,-3.451854944229126,72.36565399169922,-0.1440533548593521,29.20958709716797,3.8034729957580566,9.9581880569458,7.713034152984619,9.399702072143555,-3.4402740001678467,7.2907514572143555,-0.3323856592178345,6.880965709686279,1.5412050485610962,How Do I Make You Love Me?,Dawn FM (Alternate World),0.636,0.498,0.805
123.046875,0.2983720004558563,0.08963227474864656,2451.7841616562982,5362.233881054234,2639.701785402258,2.1746530171870333,0.3380800887133854,0.46601233711321255,-36.70412826538086,79.50506591796875,8.33007526397705,24.917695999145508,3.090921640396118,11.355621337890625,-0.3318350613117218,6.07166051864624,-1.839092493057251,7.135031700134277,-3.0957884788513184,-1.8120630979537964,-3.260110855102539,Take My Breath,Dawn FM (Alternate World),0.354,0.769,0.698
123.046875,0.32348132133483887,0.08489183040893271,2306.603032469693,5021.333132431844,2612.8987921957855,3.469299512795456,0.47919602081225593,0.5225661088102362,-17.180644989013672,93.29135131835938,5.9420671463012695,18.858327865600586,5.038025379180908,5.390286922454834,9.918182373046875,7.474113941192627,-2.4142584800720215,13.704869270324707,4.483020782470703,3.372957706451416,1.5959869623184204,Sacrifice,Dawn FM (Alternate World),0.905,0.795,0.735
129.19921875,0.254498690366745,0.05385934781032482,1595.53713909816,3323.7989527443447,2195.9322814158195,2.616781449703581,0.6390422403191776,0.7950741313130587,-87.21882629394531,121.98426818847656,16.471141815185547,31.12720489501953,13.651971817016602,2.6198580265045166,1.4324359893798828,-2.153146266937256,-12.07512092590332,9.746649742126465,-2.8514487743377686,-2.6691055297851562,-5.468076705932617,A Tale By Quincy,Dawn FM (Alternate World),0.571,0.512,0.447
184.5703125,0.3310885727405548,0.10952794192285382,2676.6716531841707,5892.819999818736,2747.4436848031705,4.111468767763903,0.5874253851977573,0.8543157471250817,-9.678950309753418,73.56092834472656,12.538387298583984,31.930370330810547,8.530088424682617,11.790038108825684,-0.732494592666626,5.663473606109619,-3.387356996536255,9.740811347961426,0.8348909020423889,2.5646355152130127,-3.0076050758361816,Out of Time,Dawn FM (Alternate World),0.823,0.762,0.617
135.99917763157896,0.3694879114627838,0.07739125640467905,2161.092083129553,4838.833823502755,2550.446658746786,14.039011610634542,0.8194302986948043,0.8369964174929504,-12.889331817626953,104.67865753173828,7.409387588500977,18.765789031982422,13.531537055969238,7.529576301574707,-2.024618625640869,5.563230991363525,-6.083992004394531,11.707206726074219,0.5512655377388,3.5139527320861816,0.2228500247001648,"Here We Go… Again (feat. Tyler, the Creator)",Dawn FM (Alternate World),0.198,0.623,0.469
117.45383522727273,0.187803715467453,0.06065450079756381,1665.4183094384944,3478.0952612927786,2000.647653617101,4.546488177522711,0.41094523117664084,0.40068510950946695,-178.6943359375,109.36034393310547,8.384553909301758,25.60369300842285,2.990149736404419,0.47859373688697815,-2.5305891036987305,-0.4339327812194824,-6.555960655212402,9.410844802856445,3.018120050430298,-1.2211639881134033,-3.144690752029419,Best Friends,Dawn FM (Alternate World),0.528,0.564,0.737
135.99917763157896,0.32646968960762024,0.05939584541763341,1952.030703877114,4398.452341031032,2488.9629060902166,5.0234879579817955,0.7078389159392771,0.7190848350493021,-47.18535232543945,102.8968505859375,14.735404968261719,24.27517318725586,6.2863287925720215,6.564403057098389,3.420097827911377,3.683685541152954,-4.136679649353027,13.289548873901367,2.9436376094818115,4.054664611816406,-0.6251762509346008,Is There Someone Else?,Dawn FM (Alternate World),0.608,0.586,0.702
112.34714673913044,0.2986399829387665,0.043641694460556844,1346.7177926469226,2793.8956346976506,1857.198623969636,29.668312876311138,0.5822811812916144,0.7685098803711581,-107.72357177734375,141.63986206054688,-0.27591627836227417,23.340959548950195,15.547286987304688,8.709490776062012,5.274697303771973,3.6520919799804688,-2.706035614013672,13.42518138885498,3.1138224601745605,1.785712480545044,-0.7009351849555969,Starry Eyes,Dawn FM (Alternate World),0.146,0.418,0.309
107.666015625,0.20270936191082,0.09416539781515855,2236.7226373151893,4738.920094076276,2454.926529232784,5.869645228227508,0.8630118908565275,0.5603958390261562,-60.60225296020508,96.49170684814453,-10.450102806091309,10.438627243041992,4.005577564239502,0.7997274398803711,-10.563016891479492,-5.1407012939453125,-15.92508316040039,-0.06571196764707565,-9.297087669372559,-2.258312225341797,-11.62437915802002,Every Angel is Terrifying,Dawn FM (Alternate World),0.46,0.959,0.447
123.046875,0.23704519867897034,0.0742432962345321,2022.0209531347812,4303.734558530307,2411.366351569249,2.63802163600614,0.6711575468195268,0.5132699717049707,-86.43846893310547,110.31293487548828,17.605703353881836,20.892141342163086,9.188453674316406,4.007649898529053,6.480517864227295,6.607451438903809,-8.898367881774902,10.819991111755371,0.07570011168718338,2.3173928260803223,-0.14933201670646667,Don’t Break My Heart,Dawn FM (Alternate World),0.243,0.618,0.767
112.34714673913044,0.29079240560531616,0.0998423754108662,2627.122868828097,5725.966819533062,2672.5831747039574,2.70251375607534,0.47327450789275854,0.38824623965657323,-47.84329605102539,70.4447021484375,7.078612804412842,21.05115509033203,-1.2663049697875977,5.685218334197998,-5.571847438812256,2.7723183631896973,-8.989540100097656,6.441293716430664,-5.7046990394592285,-0.3857666850090027,-8.994568824768066,I Heard You’re Married (feat. Lil Wayne),Dawn FM (Alternate World),0.784,0.848,0.736
143.5546875,0.32114169001579285,0.1009824535962877,2362.057283895806,4950.929716955481,2493.0811676777953,3.3630652249770745,0.9116929929060242,0.5068762435615162,-2.2513744831085205,87.04212951660156,-13.278529167175293,20.86178970336914,5.048536777496338,7.661290645599365,2.6793253421783447,6.069569110870361,-0.9254732131958008,14.171161651611328,3.6028525829315186,7.309121131896973,0.6045803427696228,Less Than Zero,Dawn FM (Alternate World),0.5,0.791,0.535
143.5546875,0.25749361515045166,0.04243817369972931,1221.7916313083058,2360.100681101363,1667.4670844930304,6.817060354618139,0.6934756813114222,0.5151841893480282,-105.20494079589844,154.47906494140625,0.5017908215522766,34.362548828125,12.689760208129883,7.326007843017578,2.6199660301208496,3.277751922607422,-9.43774127960205,10.398147583007812,-3.8261303901672363,2.1176681518554688,-3.921616792678833,Phantom Regret by Jim,Dawn FM (Alternate World),0.241,0.519,0.394
123.046875,0.2983720004558563,0.08963227474864656,2451.7841616562982,5362.233881054234,2639.701785402258,2.1746530171870333,0.3380800887133854,0.46601233711321255,-36.70412826538086,79.50506591796875,8.33007526397705,24.917695999145508,3.090921640396118,11.355621337890625,-0.3318350613117218,6.07166051864624,-1.839092493057251,7.135031700134277,-3.0957884788513184,-1.8120630979537964,-3.260110855102539,Take My Breath (Remix) (feat. Agents of Time),Dawn FM (Alternate World),0.457,0.835,0.649
123.046875,0.23846907913684845,0.10696833611272236,2579.6672552156024,5736.400347574681,2748.9312464172667,2.4640316052099536,0.7497183959888408,0.803754880315356,-34.36724090576172,85.84373474121094,5.397332191467285,8.627782821655273,2.196599006652832,1.1657639741897583,2.85196590423584,9.551534652709961,-5.290168762207031,10.033605575561523,-2.1033408641815186,-1.1679095029830933,-0.8801647424697876,Sacrifice (Remix) (feat. Swedish House Mafia),Dawn FM (Alternate World),0.677,0.742,0.774
117.45383522727273,0.33216947317123413,0.08217588396655066,2390.171814986117,5544.216926025957,2674.8299958303865,6.335950320746123,0.5657023681861363,0.6796179529772076,-26.08167839050293,87.15582275390625,9.990188598632812,24.875743865966797,11.814645767211914,15.39532470703125,0.1418897956609726,15.744241714477539,-4.899467945098877,14.932096481323242,-1.387320876121521,6.709278106689453,-3.1297295093536377,Moth To A Flame (with The Weeknd),Dawn FM (Alternate World),0.109,0.659,0.542
151.99908088235293,0.1415107101202011,0.06294220985595514,1642.941601972071,3364.6254395664155,1984.3326235455004,28.829632005674604,0.5532914718101264,0.7504613497673953,-135.74757385253906,126.2957992553711,-14.705370903015137,22.91262435913086,0.039394866675138474,7.553136348724365,9.827825546264648,3.1500494480133057,-8.896714210510254,17.426095962524414,2.369110107421875,3.5352771282196045,-2.403735399246216,Alone Again,After Hours (Deluxe),0.058,0.653,0.255
123.046875,0.24411262571811676,0.09765738290313225,2584.808143823847,5475.995142111369,2584.2727483811236,1.757842257332814,0.7794415358872747,0.6591712551038302,-39.266387939453125,75.70030975341797,-16.23172950744629,6.053736209869385,-6.292116641998291,-1.2770414352416992,-7.898487567901611,0.8751580119132996,-9.091809272766113,4.878311634063721,-1.6737767457962036,2.2333738803863525,-0.8614833354949951,Too Late,After Hours (Deluxe),0.185,0.869,0.64
107.666015625,0.28376680612564087,0.052619196514887855,1971.6964774974833,4428.653782536978,2539.849785779293,6.75271222662615,0.620608436662229,0.732921725005301,-83.00487518310547,100.43399810791016,13.052801132202148,14.634765625,10.499454498291016,7.734015464782715,6.637392520904541,5.970654487609863,-5.421664714813232,16.627256393432617,-1.259272813796997,-2.077021598815918,-2.6327128410339355,Hardest To Love,After Hours (Deluxe),0.103,0.609,0.466
89.10290948275862,0.30708861351013184,0.0824308905886346,2400.0329829735233,5565.1469275783065,2624.4495316693988,8.853319976197033,0.730933354656442,0.5978820279288805,-37.12609100341797,83.30108642578125,18.599937438964844,38.65640640258789,0.4911821484565735,20.31673812866211,-0.5377521514892578,12.039104461669922,-5.929667949676514,11.06722354888916,2.6844570636749268,1.6819080114364624,1.9907103776931763,Scared To Live,After Hours (Deluxe),0.211,0.493,0.481
73.828125,0.1865420639514923,0.085274374033256,2634.730230009102,5833.857659784658,2773.987172747819,2.7645563184170223,0.8634038074810648,0.7236051093661376,-96.5255355834961,82.6559066772461,26.409870147705078,21.333927154541016,8.848618507385254,8.671598434448242,-1.0113111734390259,5.411308765411377,-12.8674955368042,4.312149524688721,-4.23858642578125,-4.717863082885742,-4.791551113128662,Snowchild,After Hours (Deluxe),0.24,0.61,0.676
95.703125,0.211530864238739,0.07074753480278423,2455.290513339792,5540.678019866589,2730.672801328786,3.20736075706841,0.5901094201485977,0.7568823989198796,-87.44877624511719,84.22720336914062,9.283623695373535,13.678853988647461,5.116256237030029,5.064207553863525,-0.7938622236251831,-0.9379761815071106,-9.034366607666016,7.0363359451293945,0.7519776821136475,-4.305446624755859,-2.974738359451294,Escape From LA,After Hours (Deluxe),0.169,0.548,0.421
172.265625,0.26558682322502136,0.09688549823569219,2663.7540981918114,6345.383646316705,2925.888195641387,3.07489484352546,0.7252377335830084,0.8329206555857277,-34.116249084472656,83.05238342285156,17.78716278076172,10.198099136352539,2.649782180786133,7.763485908508301,4.986471652984619,13.43927001953125,2.774106979370117,14.630916595458984,5.391860008239746,2.883718729019165,-2.1249027252197266,Heartless,After Hours (Deluxe),0.234,0.752,0.537
89.10290948275862,0.22490812838077545,0.08312148044760248,2216.156450300696,4697.527382268707,2458.743388955669,5.81924606213539,0.46427761126604644,0.6640945822836853,-41.17236328125,100.44892120361328,-8.045104026794434,21.943387985229492,8.675163269042969,5.849727630615234,4.472407341003418,5.513348579406738,-6.4607343673706055,8.96383285522461,-3.308713912963867,1.0630372762680054,-2.8825979232788086,Faith,After Hours (Deluxe),0.123,0.605,0.355
86.1328125,0.28819990158081055,0.0916424225396365,2451.202141259013,5340.850561013631,2604.3351290613314,4.014967942272974,0.6338822987906672,0.7472495687423074,-24.0277099609375,79.30656433105469,8.121212005615234,34.40289306640625,0.1474078744649887,18.205291748046875,4.825212478637695,11.9120454788208,2.4486083984375,16.5844669342041,5.946256637573242,8.95785903930664,1.1120296716690063,Blinding Lights,After Hours (Deluxe),0.342,0.727,0.518
99.38401442307692,0.2728603780269623,0.09299775232018562,2483.1334446755895,5454.944895591648,2666.412495481065,3.1362485985781605,0.40863963918166457,0.5474347939173018,-41.796600341796875,78.73006439208984,8.48613452911377,29.163349151611328,8.339889526367188,13.341776847839355,4.878949165344238,8.914337158203125,-6.362665176391602,11.154086112976074,-2.305614948272705,-0.9108859300613403,-2.0608513355255127,In Your Eyes,After Hours (Deluxe),0.705,0.72,0.667
117.45383522727273,0.2748335301876068,0.07310926019914926,2125.6253559323322,4857.435979643997,2495.9676275679276,4.6553392274510665,0.8382180565534614,0.7448002013880011,-48.13982391357422,93.98273468017578,9.811574935913086,36.525909423828125,10.342495918273926,20.342077255249023,1.2345114946365356,7.751328468322754,-9.003483772277832,11.90320110321045,2.3443267345428467,6.439155578613281,-1.8386485576629639,Save Your Tears,After Hours (Deluxe),0.623,0.817,0.684
184.5703125,0.11726725101470947,0.09105708925464037,2221.068216120326,4805.643047146897,2392.78278233017,4.374652493209597,0.7018131162362118,0.7385382293566412,-126.66570281982422,96.69091796875,-17.92593765258789,-2.7530322074890137,-9.915657997131348,-2.8464179039001465,-12.647945404052734,-4.624112606048584,-8.174623489379883,0.05263609439134598,-10.391005516052246,-8.414243698120117,-13.8836669921875,Repeat After Me (Interlude),After Hours (Deluxe),0.145,0.607,0.555
107.666015625,0.21687811613082886,0.05665875145011601,1602.7596911307853,3138.5434604299594,1878.6925119895939,8.405161247625639,0.8026355431420072,0.7824131308426097,-105.12678527832031,133.30503845214844,-31.155845642089844,-2.568140745162964,7.708173751831055,3.438682794570923,0.7891572713851929,-0.19564935564994812,5.525599956512451,18.87423324584961,-0.7949646711349487,3.538332462310791,0.4337175190448761,After Hours,After Hours (Deluxe),0.14,0.572,0.659
112.34714673913044,0.09895169734954834,0.09082975335943543,2059.8924014974086,4347.417150793938,2321.7774130801354,11.698369205109238,0.5739180400869497,0.7720657174717628,-148.4947967529297,106.85509490966797,-13.755504608154297,3.6156275272369385,-8.639028549194336,-10.61756706237793,-12.758764266967773,-15.504995346069336,-24.296710968017578,-7.041110038757324,-13.310966491699219,-11.656407356262207,-17.31192970275879,Until I Bleed Out,After Hours (Deluxe),0.178,0.37,0.249
129.19921875,0.43049371242523193,0.026473680394431553,1617.1058382267854,3886.7431640625,2391.5053826573067,10.309494752875654,0.7079545728751857,0.6738136839472294,-82.16656494140625,98.69183349609375,21.801273345947266,33.523048400878906,15.722951889038086,19.387100219726562,8.168092727661133,12.606311798095703,3.621711254119873,16.987548828125,8.682461738586426,4.209718704223633,-2.912017822265625,Nothing Compares - Bonus Track,After Hours (Deluxe),0.0397,0.577,0.532
151.99908088235293,0.273980051279068,0.031121604311678267,1776.6108027738378,4354.8197097955335,2465.5467527892265,4.305484780273489,0.7206533477985841,0.5505232847772047,-145.83050537109375,108.08658599853516,55.365089416503906,23.747039794921875,14.471517562866211,19.62952423095703,10.634200096130371,11.153298377990723,-9.615743637084961,19.25432586669922,3.623713731765747,5.901745319366455,3.90762996673584,Missed You - Bonus Track,After Hours (Deluxe),0.321,0.374,0.689
99.38401442307692,0.15538325905799866,0.06863429282675948,1811.038353937232,3715.7432184418503,2117.9143610063966,21.98086175219504,0.87217717257226,0.6237543812107453,-168.43072509765625,110.55014038085938,-0.2893872559070587,14.953207015991211,-0.5632752776145935,-18.461023330688477,-13.283373832702637,-13.14843463897705,-25.265869140625,-1.1590079069137573,-19.536596298217773,-8.438236236572266,-15.205266952514648,Final Lullaby - Bonus Track,After Hours (Deluxe),0.318,0.26,0.604
135.99917763157896,0.3637905716896057,0.07175430805297757,2065.958552418172,4558.419226272476,2343.283681537017,5.256311247966063,0.7636626620094737,0.6794986376129437,-38.823707580566406,116.87879180908203,7.252822399139404,6.506160736083984,2.388664722442627,8.73935604095459,-4.120904445648193,6.123299598693848,0.15775015950202942,3.6506481170654297,3.9973723888397217,0.13250643014907837,-5.799614906311035,Call Out My Name,"My Dear Melancholy,",0.175,0.593,0.461
92.28515625,0.2979218065738678,0.07605140963360402,1956.429222221701,4140.878260495215,2322.639335904803,5.302473589674991,0.6075479492381345,0.7620274890623172,-47.602909088134766,122.47055053710938,-0.5807979702949524,4.63942289352417,7.446184158325195,-4.822680473327637,-1.5896092653274536,5.487950801849365,-11.722966194152832,11.604540824890137,-0.024602171033620834,-3.841460704803467,-7.27060079574585,Try Me,"My Dear Melancholy,",0.107,0.679,0.456
135.99917763157896,0.3637903928756714,0.07176639235305492,2065.966776407842,4558.410899434455,2343.2902092226664,5.256202411266479,0.7636593471805785,0.6795045542943665,-38.82355499267578,116.8786849975586,7.252803325653076,6.506117820739746,2.3883302211761475,8.73918342590332,-4.120686054229736,6.122953414916992,0.15820199251174927,3.6509978771209717,3.9972002506256104,0.13278549909591675,-5.799503803253174,Wasted Times,"My Dear Melancholy,",0.29,0.678,0.56
123.046875,0.33477783203125,0.057350577629543695,1230.4819960706145,2365.7212967662413,1470.4907533669916,7.302685584998653,0.6060138251129944,0.9004677385428744,-76.40222930908203,172.21307373046875,-24.092926025390625,22.914966583251953,3.951646089553833,2.4529802799224854,-2.708461284637451,-3.603193998336792,-12.299156188964844,5.557699203491211,1.943701148033142,0.9409545063972473,-6.094563007354736,I Was Never There,"My Dear Melancholy,",0.155,0.737,0.323
92.28515625,0.34906765818595886,0.06137918116782676,1906.4061609404569,4452.943169047274,2532.2888207860615,5.879830530753795,0.4122349267527605,0.44063077449093396,-63.80222702026367,115.68606567382812,31.274534225463867,4.6381516456604,6.0538787841796875,9.842846870422363,3.7193357944488525,6.801368713378906,-10.80911922454834,8.334595680236816,-0.440060555934906,1.4191778898239136,-2.68957781791687,Hurt You,"My Dear Melancholy,",0.361,0.718,0.476
184.5703125,0.3201485574245453,0.05463085484338747,1457.4555499905898,2967.9098956822795,1990.6145980161314,8.021833938465516,0.7736119338262977,0.7016737964671089,-65.53401947021484,141.57327270507812,16.480968475341797,31.371030807495117,7.085531234741211,1.238267183303833,-1.664736032485962,3.3182384967803955,-11.388057708740234,7.890452861785889,-3.463510036468506,3.4076502323150635,-2.440613269805908,Privilege,"My Dear Melancholy,",0.371,0.564,0.404
135.99917763157896,0.3637905716896057,0.07175430805297757,2065.958552418172,4558.419226272476,2343.283681537017,5.256311247966063,0.7636626620094737,0.6794986376129437,-38.823707580566406,116.87879180908203,7.252822399139404,6.506160736083984,2.388664722442627,8.73935604095459,-4.120904445648193,6.123299598693848,0.15775015950202942,3.6506481170654297,3.9973723888397217,0.13250643014907837,-5.799614906311035,Call Out My Name - A Cappella,"My Dear Melancholy,",0.459,0.339,0.397
92.28515625,0.3320496380329132,0.04351896328789637,1762.4966117373451,3877.5503348861657,2299.637377047647,3.3222872361559683,0.5789729662560275,0.6049156729006326,-63.65531921386719,110.88785552978516,-0.404824435710907,28.131820678710938,12.189226150512695,12.043540954589844,14.16321086883545,7.431723117828369,-1.2252293825149536,13.457390785217285,5.494956016540527,-0.40051066875457764,5.2632646560668945,Starboy,Starboy,0.486,0.587,0.679
151.99908088235293,0.3238489627838135,0.03780988677010828,1688.5679705848893,3822.726433349043,2216.442093575015,3.17237197993496,0.4647862867574346,0.5219688444990014,-73.1971206665039,105.41658020019531,4.698001861572266,47.14954376220703,8.202574729919434,13.743794441223145,2.847550868988037,12.535379409790039,-7.897049903869629,13.229822158813477,-1.6388771533966064,7.580235004425049,0.9979982376098633,Party Monster,Starboy,0.218,0.63,0.573
172.265625,0.206124946475029,0.09546861405162413,2473.3899246133374,5585.709559889791,2681.4314768051504,4.404006938845082,0.6133542590317574,0.6868662703220834,-52.455474853515625,88.27298736572266,2.312406063079834,6.190112590789795,-3.2168402671813965,8.716678619384766,2.357036590576172,7.8949713706970215,0.1452532857656479,12.398633003234863,5.00675106048584,2.978766679763794,-3.1829793453216553,False Alarm,Starboy,0.192,0.677,0.517
161.4990234375,0.2790769636631012,0.060335022114269145,2107.153151832244,4956.500371592228,2681.6723125774206,1.7579342428456841,0.5715485087974134,0.6880742635994909,-89.6517105102539,93.7236328125,33.33104705810547,26.792028427124023,12.168558120727539,10.08956527709961,7.151843547821045,3.1441049575805664,-10.08531379699707,12.861441612243652,1.4040156602859497,2.251899003982544,4.404354095458984,Reminder,Starboy,0.388,0.505,0.706
112.34714673913044,0.24414284527301788,0.08529627682714618,2392.4811767468336,5410.2797364414155,2677.602034732997,4.461414112820046,0.4894546750142728,0.5913595302890826,-51.996700286865234,89.53536987304688,6.877038478851318,16.674671173095703,9.692208290100098,9.372278213500977,3.605834722518921,9.171316146850586,-3.7117793560028076,10.906956672668457,-0.6437857151031494,2.4731967449188232,-1.4973095655441284,Rockin’,Starboy,0.752,0.885,0.738
107.666015625,0.2557450830936432,0.10952416557907967,2701.2270841618188,6207.199769340922,2892.1092139403154,2.577241761629846,0.5293610818594979,0.5423453821678843,-25.759815216064453,78.98700714111328,13.651517868041992,23.814647674560547,12.655675888061523,7.492223739624023,7.908405303955078,1.5510467290878296,-6.3562703132629395,9.11023998260498,1.388810634613037,2.2284328937530518,-0.44325947761535645,Secrets,Starboy,0.763,0.771,0.664
151.99908088235293,0.2179955393075943,0.07820052687548337,2090.2902186775336,4419.5858559309745,2340.8296458301784,4.469493481828143,0.6398050375579148,0.6516497082990883,-123.17781066894531,84.65987396240234,7.954653739929199,33.6654052734375,2.806542158126831,2.2040083408355713,-4.860874176025391,0.30907607078552246,-6.111721992492676,6.871844291687012,-2.8872599601745605,-1.5663909912109375,-5.054770469665527,True Colors,Starboy,0.584,0.424,0.624
89.10290948275862,0.20159654319286346,0.051244985015467905,1318.4472832638571,2739.0883868365718,1752.7829122254348,4.243253651409273,0.5956308452558302,0.6807254597682036,-115.3218765258789,142.1633758544922,-4.569843292236328,34.919612884521484,-1.593652606010437,13.030691146850586,2.3458313941955566,6.561743259429932,7.310330867767334,8.032740592956543,4.205999374389648,4.502903938293457,-3.5111846923828125,Stargirl Interlude,Starboy,0.441,0.474,0.638
151.99908088235293,0.2234448492527008,0.1096170636359242,2553.3092079616918,5440.31464118692,2697.606226286726,1.8416195811437697,0.5634912832573111,0.656993676829561,-54.359947204589844,78.77764129638672,3.6266770362854004,30.650684356689453,11.461135864257812,-5.929444789886475,10.077513694763184,6.174831867218018,-6.2364501953125,9.52489185333252,0.4234236180782318,6.449995040893555,1.7851181030273438,Sidewalks,Starboy,0.623,0.72,0.542
143.5546875,0.19710616767406464,0.09631715849767981,2670.756225960673,6088.334156576276,2829.5417605654884,3.3253307692344354,0.7608648416961277,0.6952508199970177,-103.1932373046875,75.70891571044922,11.330497741699219,15.070261001586914,5.8924760818481445,-6.181817531585693,-5.587530136108398,1.4382363557815552,-7.6484694480896,7.1691060066223145,-7.020603179931641,-2.551150321960449,1.309451937675476,Six Feet Under,Starboy,0.244,0.504,0.772
117.45383522727273,0.2599319815635681,0.09356873549883991,2353.8116282997116,5189.17720644214,2577.280497531902,3.2116631258188026,0.5084916857424329,0.53422418222118,-36.64008712768555,88.71736145019531,3.7287516593933105,28.420944213867188,9.61151123046875,3.251237154006958,2.0315845012664795,7.626018047332764,-0.7980984449386597,14.940560340881348,-1.2401518821716309,6.390801906585693,-2.496974468231201,Love To Lay,Starboy,0.698,0.807,0.711
112.34714673913044,0.23668839037418365,0.07589167029195669,2305.7907024520923,5281.971489359774,2695.1727477754266,3.3504114487432437,0.518023124454356,0.5195977724879254,-75.98078918457031,86.19691467285156,17.925748825073242,25.4703426361084,9.339788436889648,11.493903160095215,7.890007972717285,4.657207489013672,0.18811050057411194,12.078102111816406,-1.2452671527862549,-1.7635765075683594,-3.6391005516052246,A Lonely Night,Starboy,0.864,0.663,0.853
151.99908088235293,0.2179955393075943,0.07820052687548337,2090.2902186775336,4419.5858559309745,2340.8296458301784,4.469493481828143,0.6398050375579148,0.6516497082990883,-123.17781066894531,84.65987396240234,7.954653739929199,33.6654052734375,2.806542158126831,2.2040083408355713,-4.860874176025391,0.30907607078552246,-6.111721992492676,6.871844291687012,-2.8872599601745605,-1.5663909912109375,-5.054770469665527,Attention,Starboy,0.362,0.428,0.671
151.99908088235293,0.2595699727535248,0.08491222266531323,2545.131086484368,6029.713216901102,2876.673008222679,4.014968270680453,0.4675599441302717,0.5929468005892863,-40.26639175415039,85.7489013671875,16.023296356201172,26.66084861755371,14.057538032531738,1.0109347105026245,9.222471237182617,5.653505325317383,-6.094298362731934,16.910808563232422,0.653353750705719,4.181751728057861,-0.751918375492096,Ordinary Life,Starboy,0.365,0.587,0.537
143.5546875,0.2516553997993469,0.07866275135344161,2447.6617806610006,5700.7698076783645,2774.109698571152,1.1563241166756824,0.683354202900819,0.49122386446997834,-58.62214660644531,86.4425048828125,23.580158233642578,21.69379997253418,7.084531784057617,13.138919830322266,-3.8035387992858887,10.00585651397705,-4.100058078765869,11.134721755981445,2.438438892364502,0.28653037548065186,-0.5875887274742126,Nothing Without You,Starboy,0.191,0.634,0.575
117.45383522727273,0.24390654265880585,0.027321469571732405,1170.7062013232764,2425.7494720671402,1890.9363171949444,20.26388644314067,0.6255463316855111,0.7129894165408888,-164.425048828125,144.4244384765625,30.894868850708008,23.719314575195312,4.148425579071045,12.304553031921387,8.8673095703125,10.241608619689941,-2.8117544651031494,9.284629821777344,4.007850170135498,0.7177609801292419,2.7550902366638184,All I Know,Starboy,0.171,0.417,0.467
67.99958881578948,0.26779690384864807,0.06373146570475638,2308.345088485146,5419.647429216212,2742.2124363496982,4.724421462861078,0.45145440900121,0.5433758189229286,-74.60337829589844,89.69583892822266,17.802494049072266,23.671295166015625,11.728536605834961,4.505180358886719,5.129887580871582,5.552423000335693,-1.9139008522033691,12.296712875366211,-1.1764994859695435,1.0753657817840576,-0.3284388780593872,Die For You,Starboy,0.51,0.525,0.582
92.28515625,0.3313847780227661,0.08218305901972157,2217.9955859813776,4849.142448974043,2577.417382767056,2.3642140053337113,0.4569904956698105,0.5326133809682537,-25.7487735748291,98.71986389160156,7.772358417510986,22.874557495117188,15.024174690246582,-0.908743143081665,2.5279736518859863,6.6986236572265625,-7.568233966827393,10.643622398376465,-3.3051254749298096,2.154304027557373,2.284513235092163,I Feel It Coming,Starboy,0.585,0.819,0.773
89.10290948275862,0.214398592710495,0.08023635380413767,1928.3885401741356,3887.958882413718,2195.303918747268,7.3811002723251065,0.6987687957364529,0.6451216181876785,-65.21005249023438,114.08170318603516,-18.061138153076172,7.351705074310303,1.44126296043396,2.174377918243408,3.3561031818389893,6.119203090667725,-4.538362503051758,12.376214027404785,-0.8486353754997253,5.330896377563477,-0.7490862011909485,Real Life,Beauty Behind The Madness,0.346,0.653,0.58
92.28515625,0.13996492326259613,0.09973248380703789,2307.201970404763,4750.8441261238395,2401.872370616134,1.7797929473824337,0.7018842638117262,0.8777828512568595,-108.13874816894531,98.24980926513672,-7.662220478057861,15.663387298583984,2.267150640487671,-0.570670485496521,0.6569307446479797,2.5392329692840576,-7.934325695037842,3.179797410964966,-2.5564749240875244,0.05007394030690193,-2.5564959049224854,Losers,Beauty Behind The Madness,0.296,0.483,0.661
75.99954044117646,0.15173950791358948,0.07318894105278423,2247.4903506835244,5154.512579756381,2632.730944124126,4.95909697216902,0.547733674621775,0.5411737186309552,-134.1565704345703,87.86125946044922,25.07269859313965,38.877742767333984,17.362747192382812,6.503220558166504,-0.10735069215297699,10.430960655212402,-10.574516296386719,13.486471176147461,-1.9243704080581665,-0.4022018611431122,-3.7582132816314697,Tell Your Friends,Beauty Behind The Madness,0.312,0.454,0.565
129.19921875,0.20975163578987122,0.07845278663959783,2341.802316172836,5451.414316270301,2824.3495985500517,1.9861054578057704,0.3739323243413961,0.40814490698132294,-93.19328308105469,93.7427978515625,22.21133041381836,13.790607452392578,15.902724266052246,-1.166771411895752,7.342301368713379,7.865451812744141,-2.9853153228759766,15.436759948730469,2.932111978530884,4.222334861755371,3.925811767578125,Often,Beauty Behind The Madness,0.0751,0.622,0.567
112.34714673913044,0.3680317997932434,0.04837383084396752,2047.873284496381,4625.466926025957,2487.5474094210144,7.542827606770213,0.7109288238794175,0.8434639134872832,-56.05125427246094,90.62445831298828,8.227561950683594,30.62015151977539,17.06287384033203,13.721753120422363,8.527078628540039,16.807580947875977,-3.4162938594818115,10.275256156921387,1.2811137437820435,5.271159648895264,1.758866310119629,The Hills,Beauty Behind The Madness,0.124,0.55,0.374
107.666015625,0.15912199020385742,0.12197023938998454,2927.720888233371,6476.889399198811,2881.5132128893733,7.065961861138561,0.8832124731563555,0.7383749420907182,-87.16504669189453,70.95655822753906,6.71243953704834,12.642829895019531,4.398176193237305,-7.98356294631958,-9.046905517578125,2.432417392730713,-19.79491424560547,3.465616464614868,-2.88527250289917,-7.8695068359375,3.635277032852173,Acquainted,Beauty Behind The Madness,0.233,0.481,0.485
107.666015625,0.27946242690086365,0.08898425415699923,2476.7787595562945,5567.3988430793215,2725.387762630718,4.552265655431972,0.5552726826554417,0.6488939976329613,-56.728084564208984,79.00674438476562,21.836780548095703,29.07341766357422,10.371981620788574,12.176701545715332,4.417170524597168,11.557047843933105,-2.6508066654205322,9.547650337219238,2.258086681365967,4.8321943283081055,-2.783432960510254,Can't Feel My Face,Beauty Behind The Madness,0.59,0.769,0.705
99.38401442307692,0.16827945411205292,0.07193708309164733,2142.032290232925,4652.9454914986945,2528.359361809726,6.995424003452755,0.5960001070145434,0.5617553578546095,-135.32479858398438,88.28653717041016,8.391972541809082,22.672658920288086,8.055765151977539,3.463310480117798,5.564238548278809,-1.6501286029815674,-11.595488548278809,7.308980464935303,-7.566614627838135,-0.8906331062316895,-11.640524864196777,Shameless,Beauty Behind The Madness,0.244,0.562,0.603
123.046875,0.1559487283229828,0.080741250966744,2264.568995555486,5200.876413863109,2655.9875092556213,5.244116611959633,0.5584657992675254,0.7300663445560677,-147.1703643798828,96.22295379638672,21.350040435791016,11.618592262268066,7.9391889572143555,1.6560161113739014,5.824498176574707,2.2007546424865723,-11.086349487304688,6.736521244049072,-3.83906888961792,3.6796000003814697,-2.5933330059051514,Earned It (Fifty Shades Of Grey),Beauty Behind The Madness,0.4,0.291,0.647
112.34714673913044,0.24354471266269684,0.13092848209106728,2888.6344019690273,6376.775825659803,2821.715987941926,5.019823494721726,0.6218408643878467,0.4641850100181873,-10.025168418884277,75.33615112304688,4.182961940765381,10.479665756225586,-1.968574047088623,8.555400848388672,-2.7087578773498535,7.136987686157227,-6.422536849975586,6.193837642669678,-0.6157696843147278,5.8706464767456055,-2.0221285820007324,In The Night,Beauty Behind The Madness,0.508,0.673,0.4
172.265625,0.1872270703315735,0.06420313104215004,2281.0351627703044,5452.7216298397625,2779.7613576577514,4.210148315554776,0.5157693125366644,0.6439082225986817,-91.7620620727539,86.95711517333984,20.010196685791016,28.964345932006836,10.58205509185791,6.514084339141846,8.849433898925781,6.719735622406006,-2.9091289043426514,10.017241477966309,4.158777713775635,5.69167423248291,3.0325117111206055,As You Are,Beauty Behind The Madness,0.0539,0.329,0.371
135.99917763157896,0.12870566546916962,0.09699652274265275,2264.785115262502,4626.449492912558,2246.866394490072,2.1731768333714885,0.7131859302637897,0.7084130882516614,-152.60324096679688,88.15386962890625,-19.4528865814209,27.895343780517578,13.63741397857666,1.262923002243042,0.7099757790565491,6.1819939613342285,-1.7877521514892578,11.283333778381348,-1.6218063831329346,1.0275182723999023,-4.276512622833252,Dark Times,Beauty Behind The Madness,0.27,0.403,0.501
67.99958881578948,0.1094585731625557,0.11996991009280743,2669.674258999,5818.386394739704,2714.7424808318356,6.498014918818105,0.6182575288035426,0.7969884267975623,-109.63282775878906,87.70857238769531,2.1118886470794678,6.47439432144165,-3.145120620727539,-5.854560375213623,-4.975368499755859,-1.8323055505752563,-13.160073280334473,5.399831771850586,-2.6077287197113037,-7.0992536544799805,-4.921360015869141,Prisoner,Beauty Behind The Madness,0.329,0.404,0.55
64.599609375,0.1560039073228836,0.10011389452822893,2527.9628345872234,5572.927863525957,2691.1807879817093,5.049878853762405,0.6957731737073238,0.7116351395529545,-94.6935806274414,84.83677673339844,3.991417407989502,16.539020538330078,8.227799415588379,7.40024995803833,4.150918006896973,13.01379108428955,-1.984311580657959,10.97252368927002,1.2934218645095825,7.86461877822876,-0.6123462915420532,Angel,Beauty Behind The Madness,0.335,0.583,0.626
107.666015625,0.27946242690086365,0.08898425415699923,2476.7787595562945,5567.3988430793215,2725.387762630718,4.552265655431972,0.5552726826554417,0.6488939976329613,-56.728084564208984,79.00674438476562,21.836780548095703,29.07341766357422,10.371981620788574,12.176701545715332,4.417170524597168,11.557047843933105,-2.6508066654205322,9.547650337219238,2.258086681365967,4.8321943283081055,-2.783432960510254,Can't Feel My Face - Martin Garrix Remix,Beauty Behind The Madness,0.136,0.714,0.605
112.34714673913044,0.3680317997932434,0.04837383084396752,2047.873284496381,4625.466926025957,2487.5474094210144,7.542827606770213,0.7109288238794175,0.8434639134872832,-56.05125427246094,90.62445831298828,8.227561950683594,30.62015151977539,17.06287384033203,13.721753120422363,8.527078628540039,16.807580947875977,-3.4162938594818115,10.275256156921387,1.2811137437820435,5.271159648895264,1.758866310119629,The Hills - Remix,Beauty Behind The Madness,0.33,0.632,0.65
112.34714673913044,0.3680317997932434,0.04837383084396752,2047.873284496381,4625.466926025957,2487.5474094210144,7.542827606770213,0.7109288238794175,0.8434639134872832,-56.05125427246094,90.62445831298828,8.227561950683594,30.62015151977539,17.06287384033203,13.721753120422363,8.527078628540039,16.807580947875977,-3.4162938594818115,10.275256156921387,1.2811137437820435,5.271159648895264,1.758866310119629,The Hills - Remix,Beauty Behind The Madness,0.186,0.602,0.409
99.38401442307692,0.0968332290649414,0.11750395760827533,2708.5838838531336,5898.015946744489,2711.9357210780177,6.875878230987926,0.5919709049053914,0.7575674994784832,-123.1754150390625,80.21321868896484,10.690311431884766,29.000843048095703,1.7263280153274536,1.7603561878204346,8.02449893951416,4.127216815948486,-12.4932222366333,16.472148895263672,-10.770092010498047,2.7584950923919678,-3.4946329593658447,Professional,Kiss Land (Deluxe),0.234,0.619,0.405
143.5546875,0.12337686866521835,0.06837674618136118,2047.5332062015193,4659.61528875435,2526.8890147684533,15.721099683309951,0.6858329205658467,0.7123374409021704,-123.99734497070312,104.27957916259766,14.354045867919922,30.494121551513672,10.025798797607422,5.950077533721924,4.461527347564697,-1.6188467741012573,-10.995455741882324,5.6803507804870605,-8.351421356201172,-0.9477438926696777,-0.39202892780303955,The Town,Kiss Land (Deluxe),0.191,0.523,0.625
112.34714673913044,0.23213250935077667,0.08200481559358082,2064.5492538698522,4443.850261927204,2306.306186377176,3.766936411844404,0.6080232196942318,0.7766005147552083,-64.93194580078125,104.28736114501953,-13.133845329284668,26.859344482421875,9.341461181640625,13.711464881896973,11.071924209594727,9.930673599243164,0.8243398070335388,11.815126419067383,1.5991796255111694,7.919921875,-0.22617731988430023,Adaptation,Kiss Land (Deluxe),0.623,0.793,0.642
117.45383522727273,0.2505602538585663,0.08621619417053364,2413.2572309711045,5345.938259045099,2680.7748388894374,4.222662699208258,0.43536026086277163,0.5898823384621623,-59.33665466308594,89.76112365722656,17.52300262451172,31.123035430908203,13.805838584899902,13.060751914978027,8.326282501220703,1.4436990022659302,1.3900516033172607,14.055587768554688,-5.316666603088379,1.3724209070205688,-0.10048983246088028,Love In The Sky,Kiss Land (Deluxe),0.347,0.736,0.645
123.046875,0.2111159861087799,0.1172769993474478,2859.076724805784,6140.326933185905,2763.827451453042,4.2976282643816415,0.7089810434718478,0.38323258553184486,-25.858936309814453,74.15829467773438,0.8696755170822144,18.405546188354492,1.7794694900512695,12.203516006469727,4.139451503753662,12.607588768005371,-0.22258912026882172,12.009659767150879,2.227097511291504,3.652925968170166,-2.191563367843628,Belong To The World,Kiss Land (Deluxe),0.361,0.858,0.503
151.99908088235293,0.16744492948055267,0.085946563225058,2317.199357700904,5175.263060107309,2593.9688431194345,4.929603334511551,0.359844566559943,0.5092878559799091,-120.53197479248047,93.90348052978516,14.967029571533203,13.37522029876709,3.044296979904175,-7.742772102355957,-4.296329498291016,-3.98941707611084,-13.707341194152832,6.016900539398193,-3.3571853637695312,2.559095621109009,1.0370515584945679,Live For,Kiss Land (Deluxe),0.227,0.68,0.624
117.45383522727273,0.26822349429130554,0.07102169736078887,1758.673285149931,3451.6658774108178,2065.641010307914,1.901010431066842,0.49929811662345774,0.4179541857706657,-39.87718200683594,118.95088958740234,-24.132389068603516,13.852933883666992,5.707193851470947,15.357088088989258,1.0939505100250244,11.555429458618164,1.4198170900344849,10.4212064743042,4.210055351257324,3.5536723136901855,2.7240688800811768,Wanderlust,Kiss Land (Deluxe),0.0725,0.652,0.637
112.34714673913044,0.23213250935077667,0.08200481559358082,2064.5492538698522,4443.850261927204,2306.306186377176,3.766936411844404,0.6080232196942318,0.7766005147552083,-64.93194580078125,104.28736114501953,-13.133845329284668,26.859344482421875,9.341461181640625,13.711464881896973,11.071924209594727,9.930673599243164,0.8243398070335388,11.815126419067383,1.5991796255111694,7.919921875,-0.22617731988430023,Kiss Land,Kiss Land (Deluxe),0.4,0.852,0.324
123.046875,0.18215718865394592,0.07475612371906419,1770.0617037144798,3690.546206587152,2050.674353595332,1.9105748792916706,0.39303475740233984,0.576686121503682,-95.31568908691406,119.2043228149414,-15.082680702209473,30.23689842224121,5.200038433074951,14.443439483642578,2.1643857955932617,9.26049518585205,-1.8802117109298706,11.891571998596191,1.9193463325500488,3.3729569911956787,0.7787310481071472,Pretty,Kiss Land (Deluxe),0.328,0.685,0.572
80.74951171875,0.24217994511127472,0.045415065496906416,1548.6548398902746,3441.35725193953,2048.7989157940565,1.4898221013091786,0.47767854575657315,0.4223292412526928,-99.1479263305664,131.7904815673828,1.852332353591919,25.55331802368164,3.090677499771118,14.414380073547363,6.773687362670898,13.429391860961914,1.667690634727478,12.810436248779297,0.5847107768058777,2.5664443969726562,-0.7629967927932739,Tears In The Rain,Kiss Land (Deluxe),0.191,0.636,0.655
117.45383522727273,0.26822349429130554,0.07102169736078887,1758.673285149931,3451.6658774108178,2065.641010307914,1.901010431066842,0.49929811662345774,0.4179541857706657,-39.87718200683594,118.95088958740234,-24.132389068603516,13.852933883666992,5.707193851470947,15.357088088989258,1.0939505100250244,11.555429458618164,1.4198170900344849,10.4212064743042,4.210055351257324,3.5536723136901855,2.7240688800811768,Wanderlust,Kiss Land (Deluxe),0.477,0.599,0.744
103.359375,0.2791498899459839,0.08891552470030936,2299.2628109678135,4994.087718423724,2581.5981880990994,1.3596243343328498,0.5177142444064703,0.7060166096798691,-27.381507873535156,98.29863739013672,12.409734725952148,25.941715240478516,9.500205039978027,6.2820234298706055,-5.681802749633789,5.651784420013428,-1.2079036235809326,4.785862445831299,-4.858323097229004,0.7418790459632874,-9.142202377319336,Odd Look,Kiss Land (Deluxe),0.257,0.897,0.627
117.45383522727273,0.21570681035518646,0.08549529014404486,1843.590608305611,3778.5941918322214,1923.0857899242415,3.571124627011818,0.4601676429982261,0.7095933626463115,-69.73847961425781,119.85450744628906,-30.544395446777344,21.802949905395508,-6.588466167449951,9.77263355255127,-0.7954193949699402,6.182995796203613,3.1839241981506348,5.21736478805542,0.5788527131080627,4.356446743011475,-1.3981176614761353,D.D. - Original,Echoes Of Silence (Original),0.412,0.663,0.677
92.28515625,0.25661635398864746,0.07909967432811292,2112.588664152354,4576.363562209976,2391.2084566834874,2.4080057950037266,0.6617870764818754,0.6807568649804454,-52.6515007019043,100.30853271484375,9.5458984375,32.33379364013672,-1.6704241037368774,4.734729290008545,0.43445098400115967,7.063397407531738,-5.449001789093018,12.028438568115234,-0.9726340770721436,2.048342227935791,-1.066331148147583,Montreal - Original,Echoes Of Silence (Original),0.166,0.775,0.54
123.046875,0.2851518988609314,0.09231347882830626,2507.334571809032,5488.010769377175,2657.6416071258614,2.688026223287059,0.4776308760856792,0.4433749491525526,-37.42960739135742,77.89067077636719,6.161315441131592,25.579057693481445,3.5481936931610107,9.76585865020752,-0.0030462348368018866,7.976058006286621,-2.0335516929626465,7.958543300628662,-2.099999189376831,0.3440902531147003,-2.6644859313964844,Outside - Original,Echoes Of Silence (Original),0.237,0.491,0.578
99.38401442307692,0.15909507870674133,0.05439974260440835,1531.7127391309336,3134.8130369960845,2006.3276764772838,1.7582959195628218,0.68057899112554,0.6224228416356523,-135.50538635253906,138.36102294921875,4.799415111541748,13.304738998413086,-6.353923320770264,-6.916582107543945,-4.911135196685791,-4.9968791007995605,-12.88381576538086,1.9816309213638306,-11.170050621032715,-7.4336676597595215,-7.153591632843018,XO / The Host - Original,Echoes Of Silence (Original),0.235,0.717,0.449
172.265625,0.3144500255584717,0.11535144165699923,2435.9109249632206,5177.336442774797,2536.6070664837616,2.616554284070911,0.7869517214108862,0.46058900620532106,-23.84331703186035,81.02348327636719,10.581804275512695,34.851688385009766,12.155013084411621,19.881996154785156,5.626725196838379,10.362963676452637,2.105337142944336,6.880545139312744,-0.975946307182312,4.190480709075928,-0.19487784802913666,Same Old Song - Original,Echoes Of Silence (Original),0.408,0.562,0.795
135.99917763157896,0.15252457559108734,0.10346879833720031,2178.6794293337307,4181.080234465632,2186.2795344535834,6.9994145253069275,0.6378322135342526,0.6511637939767801,-89.45191955566406,93.62358856201172,-36.392635345458984,1.8522218465805054,-21.235689163208008,-12.9054536819458,-12.856374740600586,-8.685812950134277,-25.471614837646484,-5.1384687423706055,-18.09678840637207,-14.078694343566895,-14.672767639160156,The Fall - Original,Echoes Of Silence (Original),0.41,0.782,0.425
75.99954044117646,0.17250947654247284,0.09583152068832174,2071.1635480254213,4145.399733541183,2222.7716320371956,3.3543309236363323,0.5761589142399811,0.6218402457410859,-94.86936950683594,110.54645538330078,-0.1090974360704422,24.876028060913086,1.502106785774231,-0.7033628821372986,-0.6838956475257874,3.2243552207946777,-13.914745330810547,10.267128944396973,-6.800840377807617,-2.98687744140625,-2.768341302871704,Next - Original,Echoes Of Silence (Original),0.509,0.671,0.674
129.19921875,0.215394526720047,0.054482066898685226,1561.9548258053646,3045.6992164841936,2068.4307459882107,30.675787647264112,0.575976944183483,0.7467672388107317,-162.31912231445312,124.57270812988281,24.741479873657227,27.732873916625977,0.07276865839958191,-12.358020782470703,-3.4330530166625977,-7.67167854309082,-18.095125198364258,5.849326133728027,-16.77142906188965,-13.272889137268066,-18.6448974609375,Echoes Of Silence - Original,Echoes Of Silence (Original),0.18,0.201,0.356
112.34714673913044,0.23668839037418365,0.07589167029195669,2305.7907024520923,5281.971489359774,2695.1727477754266,3.3504114487432437,0.518023124454356,0.5195977724879254,-75.98078918457031,86.19691467285156,17.925748825073242,25.4703426361084,9.339788436889648,11.493903160095215,7.890007972717285,4.657207489013672,0.18811050057411194,12.078102111816406,-1.2452671527862549,-1.7635765075683594,-3.6391005516052246,Lonely Star - Original,Thursday (Original),0.172,0.621,0.483
135.99917763157896,0.12508605420589447,0.12200384884957463,2553.9549518195345,5048.84500525667,2418.036783187249,0.5472615327267557,0.26389716428518606,0.3360904191656621,-117.2557373046875,76.9410400390625,-17.214418411254883,31.017704010009766,5.660638809204102,10.611957550048828,7.6390790939331055,9.753348350524902,-1.0529333353042603,10.54810619354248,-2.5869224071502686,-0.11002075672149658,-3.5032958984375,Life Of The Party - Original,Thursday (Original),0.516,0.553,0.596
60.09265988372093,0.18344782292842865,0.054269458744199535,1256.7639532316662,2413.917035237819,1509.9187679840406,7.138178336402902,0.6697431691156219,0.6678708504050136,-188.88975524902344,136.27426147460938,-3.929722309112549,1.0037275552749634,-13.438340187072754,-5.501224517822266,-3.14042329788208,2.0266685485839844,-0.08349043130874634,10.843740463256836,1.4571900367736816,3.959252119064331,1.6361140012741089,Thursday - Original,Thursday (Original),0.207,0.491,0.26
92.28515625,0.2979218065738678,0.07605140963360402,1956.429222221701,4140.878260495215,2322.639335904803,5.302473589674991,0.6075479492381345,0.7620274890623172,-47.602909088134766,122.47055053710938,-0.5807979702949524,4.63942289352417,7.446184158325195,-4.822680473327637,-1.5896092653274536,5.487950801849365,-11.722966194152832,11.604540824890137,-0.024602171033620834,-3.841460704803467,-7.27060079574585,The Zone - Original,Thursday (Original),0.268,0.383,0.654
129.19921875,0.2317812591791153,0.07516208067478732,2473.6245335433678,5671.192879024072,2719.371852180818,6.837897944225256,0.5381356408992579,0.5645066873652574,-61.09931945800781,79.89035034179688,6.929933547973633,28.975191116333008,8.131576538085938,8.959334373474121,2.439899206161499,12.015945434570312,3.567003011703491,10.622718811035156,6.821854591369629,6.423830509185791,-0.5634644031524658,The Birds Pt. 1 - Original,Thursday (Original),0.171,0.586,0.56
129.19921875,0.2754753530025482,0.07515226218097448,2473.6787124682282,5671.600894087152,2719.435940918089,6.83825068742866,0.5380045419339592,0.5647668085551025,-44.1278076171875,79.88690185546875,6.928865909576416,28.968610763549805,8.136236190795898,8.958782196044922,2.443481683731079,12.01889419555664,3.5745596885681152,10.623300552368164,6.818160057067871,6.418051719665527,-0.5696929097175598,The Birds Pt. 2 - Original,Thursday (Original),0.177,0.564,0.278
123.046875,0.3330392837524414,0.057406467517401395,1230.5713056347977,2366.0127360970127,1470.5667093184852,7.303569254398233,0.6063087186789937,0.9002363793273445,-76.90788269042969,172.20550537109375,-24.088035583496094,22.917470932006836,3.955327033996582,2.4463882446289062,-2.7026207447052,-3.601797103881836,-12.306047439575195,5.553428649902344,1.938387393951416,0.939106822013855,-6.096899032592773,Gone - Original,Thursday (Original),0.262,0.478,0.473
135.99917763157896,0.3637903928756714,0.07176639235305492,2065.966776407842,4558.410899434455,2343.2902092226664,5.256202411266479,0.7636593471805785,0.6795045542943665,-38.82355499267578,116.8786849975586,7.252803325653076,6.506117820739746,2.3883302211761475,8.73918342590332,-4.120686054229736,6.122953414916992,0.15820199251174927,3.6509978771209717,3.9972002506256104,0.13278549909591675,-5.799503803253174,Rolling Stone - Original,Thursday (Original),0.397,0.352,0.678
123.046875,0.19267748296260834,0.07816163053460944,2086.978517700473,4473.102443898637,2297.74149975053,1.782442573605625,0.455152354514914,0.47405947322139697,-84.65281677246094,98.86013793945312,-10.166823387145996,26.269479751586914,-1.7265530824661255,-2.1937179565429688,-7.8402099609375,2.584911584854126,-3.7085530757904053,7.110267162322998,0.7014524340629578,-0.06289160996675491,-2.041429042816162,Heaven Or Las Vegas - Original,Thursday (Original),0.212,0.699,0.53
73.828125,0.10275252163410187,0.09165035286156226,1906.2243881610777,3824.075381108614,1934.987451168988,7.21565444756875,0.6272490212122406,0.7846735219174543,-194.166259765625,116.51160430908203,-25.00956153869629,-11.197225570678711,-8.442968368530273,-3.254737377166748,-5.240771293640137,-4.793830394744873,-9.947774887084961,0.573436975479126,-3.3015592098236084,-3.520420551300049,-3.453007459640503,High For This - Original,House Of Balloons (Original),0.0967,0.403,0.466
135.99917763157896,0.1445694863796234,0.04380181143658159,1377.7145878567953,2941.7219901029584,2004.9519991806808,1.7715356207423032,0.6739057571724644,0.8618060089553378,-188.18630981445312,139.36317443847656,17.33696746826172,28.492706298828125,15.639026641845703,-0.5818232893943787,26.053279876708984,13.964804649353027,-5.117006301879883,6.24818229675293,9.29102897644043,-1.4380210638046265,-0.7344529032707214,What You Need - Original,House Of Balloons (Original),0.0608,0.335,0.638
86.1328125,0.27246585488319397,0.10225357091067286,2292.1445554831057,4493.644753299014,2128.1604583311873,6.863890518486416,0.7494616308080986,0.8293363438489562,-4.260727882385254,92.283935546875,-37.144859313964844,37.72489547729492,-11.307239532470703,8.96139144897461,-9.922835350036621,0.7267712354660034,-2.3320300579071045,4.787426471710205,-2.6846704483032227,8.507473945617676,0.6450903415679932,House Of Balloons / Glass Table Girls - Original,House Of Balloons (Original),0.228,0.511,0.662
135.99917763157896,0.1655784696340561,0.08308975915989945,2621.6099626177183,5603.479032228828,2620.9384115003454,7.983327270676703,0.7229813542937565,0.8726351758448225,-89.18031311035156,78.2571029663086,9.26582145690918,38.848297119140625,6.31720495223999,17.984214782714844,0.2212928980588913,18.22321319580078,-4.901273727416992,8.65397834777832,-0.02180064469575882,3.82521653175354,2.0295588970184326,The Morning - Original,House Of Balloons (Original),0.191,0.51,0.682
123.046875,0.1973453164100647,0.09910410020301624,2394.474402634853,5368.953639338022,2622.708776843504,4.34824726882904,0.5572150086968235,0.7998741971238834,-93.75260162353516,94.69537353515625,11.862794876098633,11.23222827911377,6.626762866973877,-0.0005275552393868566,-1.0440336465835571,8.085838317871094,-10.463040351867676,6.644824504852295,-1.5454645156860352,3.30293607711792,-5.626726150512695,Wicked Games - Original,House Of Balloons (Original),0.258,0.57,0.606
80.74951171875,0.27654531598091125,0.0994328512897595,2448.003177588552,5267.474199506642,2544.623928718542,3.6366033110529457,0.4631110613472752,0.5608532126813195,-28.88411521911621,85.6938247680664,1.8714842796325684,31.6529598236084,0.5928976535797119,2.1245384216308594,5.620663642883301,6.925632953643799,1.8131062984466553,11.575858116149902,-1.9100420475006104,6.674756050109863,2.0450544357299805,The Party & The After Party - Original,House Of Balloons (Original),0.163,0.58,0.645
123.046875,0.2043488621711731,0.11515054016821345,2820.0996671464936,6278.1610829647625,2908.9079332648635,2.34086595995913,0.4033197111770957,0.507078546484157,-61.787559509277344,84.82135772705078,29.594022750854492,14.474995613098145,-2.988093614578247,-7.93389368057251,-2.8153085708618164,-1.1848015785217285,-14.857592582702637,6.482375144958496,-4.06392240524292,-0.34823620319366455,1.9455550909042358,Coming Down - Original,House Of Balloons (Original),0.344,0.649,0.694
123.046875,0.1973453164100647,0.09910410020301624,2394.474402634853,5368.953639338022,2622.708776843504,4.34824726882904,0.5572150086968235,0.7998741971238834,-93.75260162353516,94.69537353515625,11.862794876098633,11.23222827911377,6.626762866973877,-0.0005275552393868566,-1.0440336465835571,8.085838317871094,-10.463040351867676,6.644824504852295,-1.5454645156860352,3.30293607711792,-5.626726150512695,Loft Music - Original,House Of Balloons (Original),0.112,0.443,0.257
86.1328125,0.27246585488319397,0.10225357091067286,2292.1445554831057,4493.644753299014,2128.1604583311873,6.863890518486416,0.7494616308080986,0.8293363438489562,-4.260727882385254,92.283935546875,-37.144859313964844,37.72489547729492,-11.307239532470703,8.96139144897461,-9.922835350036621,0.7267712354660034,-2.3320300579071045,4.787426471710205,-2.6846704483032227,8.507473945617676,0.6450903415679932,The Knowing - Original,House Of Balloons (Original),0.168,0.668,0.454
